fname,label
background_06_02_01.wav_split_1,background
background_06_02_01.wav_split_2,background
background_06_02_01.wav_split_3,background
background_06_02_01.wav_split_4,background
background_06_02_01.wav_split_5,background
background_06_02_01.wav_split_6,background
background_06_02_01.wav_split_7,background
background_06_02_01.wav_split_8,background
background_06_02_01.wav_split_9,background
background_06_02_01.wav_split_10,background
background_06_02_01.wav_split_11,background
background_06_02_01.wav_split_12,background
background_06_02_01.wav_split_13,background
background_06_02_01.wav_split_14,background
background_06_02_01.wav_split_15,background
background_06_02_01.wav_split_16,background
background_06_02_01.wav_split_17,background
background_06_02_01.wav_split_18,background
background_06_02_01.wav_split_19,background
background_06_02_01.wav_split_20,background
background_06_02_02.wav_split_1,background
background_06_02_02.wav_split_2,background
background_06_02_02.wav_split_3,background
background_06_02_02.wav_split_4,background
background_06_02_02.wav_split_5,background
background_06_02_02.wav_split_6,background
background_06_02_02.wav_split_7,background
background_06_02_02.wav_split_8,background
background_06_02_02.wav_split_9,background
background_06_02_02.wav_split_10,background
background_06_02_02.wav_split_11,background
background_06_02_02.wav_split_12,background
background_06_02_02.wav_split_13,background
background_06_02_02.wav_split_14,background
background_06_02_02.wav_split_15,background
background_06_02_02.wav_split_16,background
background_06_02_02.wav_split_17,background
background_06_02_02.wav_split_18,background
background_06_02_02.wav_split_19,background
background_06_02_02.wav_split_20,background
background_06_02_03.wav_split_1,background
background_06_02_03.wav_split_2,background
background_06_02_03.wav_split_3,background
background_06_02_03.wav_split_4,background
background_06_02_03.wav_split_5,background
background_06_02_03.wav_split_6,background
background_06_02_03.wav_split_7,background
background_06_02_03.wav_split_8,background
background_06_02_03.wav_split_9,background
background_06_02_03.wav_split_10,background
background_06_02_03.wav_split_11,background
background_06_02_03.wav_split_12,background
background_06_02_03.wav_split_13,background
background_06_02_03.wav_split_14,background
background_06_02_03.wav_split_15,background
background_06_02_03.wav_split_16,background
background_06_02_03.wav_split_17,background
background_06_02_03.wav_split_18,background
background_06_02_03.wav_split_19,background
background_06_02_03.wav_split_20,background
background_06_02_04.wav_split_1,background
background_06_02_04.wav_split_2,background
background_06_02_04.wav_split_3,background
background_06_02_04.wav_split_4,background
background_06_02_04.wav_split_5,background
background_06_02_04.wav_split_6,background
background_06_02_04.wav_split_7,background
background_06_02_04.wav_split_8,background
background_06_02_04.wav_split_9,background
background_06_02_04.wav_split_10,background
background_06_02_04.wav_split_11,background
background_06_02_04.wav_split_12,background
background_06_02_04.wav_split_13,background
background_06_02_04.wav_split_14,background
background_06_02_04.wav_split_15,background
background_06_02_04.wav_split_16,background
background_06_02_04.wav_split_17,background
background_06_02_04.wav_split_18,background
background_06_02_04.wav_split_19,background
background_06_02_04.wav_split_20,background
background_06_02_05.wav_split_1,background
background_06_02_05.wav_split_2,background
background_06_02_05.wav_split_3,background
background_06_02_05.wav_split_4,background
background_06_02_05.wav_split_5,background
background_06_02_05.wav_split_6,background
background_06_02_05.wav_split_7,background
background_06_02_05.wav_split_8,background
background_06_02_05.wav_split_9,background
background_06_02_05.wav_split_10,background
background_06_02_05.wav_split_11,background
background_06_02_05.wav_split_12,background
background_06_02_05.wav_split_13,background
background_06_02_05.wav_split_14,background
background_06_02_05.wav_split_15,background
background_06_02_05.wav_split_16,background
background_06_02_05.wav_split_17,background
background_06_02_05.wav_split_18,background
background_06_02_05.wav_split_19,background
background_06_02_05.wav_split_20,background
background_06_02_06.wav_split_1,background
background_06_02_06.wav_split_2,background
background_06_02_06.wav_split_3,background
background_06_02_06.wav_split_4,background
background_06_02_06.wav_split_5,background
background_06_02_06.wav_split_6,background
background_06_02_06.wav_split_7,background
background_06_02_06.wav_split_8,background
background_06_02_06.wav_split_9,background
background_06_02_06.wav_split_10,background
background_06_02_06.wav_split_11,background
background_06_02_06.wav_split_12,background
background_06_02_06.wav_split_13,background
background_06_02_06.wav_split_14,background
background_06_02_06.wav_split_15,background
background_06_02_06.wav_split_16,background
background_06_02_06.wav_split_17,background
background_06_02_06.wav_split_18,background
background_06_02_06.wav_split_19,background
background_06_02_06.wav_split_20,background
background_06_02_07.wav_split_1,background
background_06_02_07.wav_split_2,background
background_06_02_07.wav_split_3,background
background_06_02_07.wav_split_4,background
background_06_02_07.wav_split_5,background
background_06_02_07.wav_split_6,background
background_06_02_07.wav_split_7,background
background_06_02_07.wav_split_8,background
background_06_02_07.wav_split_9,background
background_06_02_07.wav_split_10,background
background_06_02_07.wav_split_11,background
background_06_02_07.wav_split_12,background
background_06_02_07.wav_split_13,background
background_06_02_07.wav_split_14,background
background_06_02_07.wav_split_15,background
background_06_02_07.wav_split_16,background
background_06_02_07.wav_split_17,background
background_06_02_07.wav_split_18,background
background_06_02_07.wav_split_19,background
background_06_02_07.wav_split_20,background
background_06_02_08.wav_split_1,background
background_06_02_08.wav_split_2,background
background_06_02_08.wav_split_3,background
background_06_02_08.wav_split_4,background
background_06_02_08.wav_split_5,background
background_06_02_08.wav_split_6,background
background_06_02_08.wav_split_7,background
background_06_02_08.wav_split_8,background
background_06_02_08.wav_split_9,background
background_06_02_08.wav_split_10,background
background_06_02_08.wav_split_11,background
background_06_02_08.wav_split_12,background
background_06_02_08.wav_split_13,background
background_06_02_08.wav_split_14,background
background_06_02_08.wav_split_15,background
background_06_02_08.wav_split_16,background
background_06_02_08.wav_split_17,background
background_06_02_08.wav_split_18,background
background_06_02_08.wav_split_19,background
background_06_02_08.wav_split_20,background
background_06_02_09.wav_split_1,background
background_06_02_09.wav_split_2,background
background_06_02_09.wav_split_3,background
background_06_02_09.wav_split_4,background
background_06_02_09.wav_split_5,background
background_06_02_09.wav_split_6,background
background_06_02_09.wav_split_7,background
background_06_02_09.wav_split_8,background
background_06_02_09.wav_split_9,background
background_06_02_09.wav_split_10,background
background_06_02_09.wav_split_11,background
background_06_02_09.wav_split_12,background
background_06_02_09.wav_split_13,background
background_06_02_09.wav_split_14,background
background_06_02_09.wav_split_15,background
background_06_02_09.wav_split_16,background
background_06_02_09.wav_split_17,background
background_06_02_09.wav_split_18,background
background_06_02_09.wav_split_19,background
background_06_02_09.wav_split_20,background
background_06_02_10.wav_split_1,background
background_06_02_10.wav_split_2,background
background_06_02_10.wav_split_3,background
background_06_02_10.wav_split_4,background
background_06_02_10.wav_split_5,background
background_06_02_10.wav_split_6,background
background_06_02_10.wav_split_7,background
background_06_02_10.wav_split_8,background
background_06_02_10.wav_split_9,background
background_06_02_10.wav_split_10,background
background_06_02_10.wav_split_11,background
background_06_02_10.wav_split_12,background
background_06_02_10.wav_split_13,background
background_06_02_10.wav_split_14,background
background_06_02_10.wav_split_15,background
background_06_02_10.wav_split_16,background
background_06_02_10.wav_split_17,background
background_06_02_10.wav_split_18,background
background_06_02_10.wav_split_19,background
background_06_02_10.wav_split_20,background
background_06_02_11.txt.wav_split_1,background
background_06_02_11.txt.wav_split_2,background
background_06_02_11.txt.wav_split_3,background
background_06_02_11.txt.wav_split_4,background
background_06_02_11.txt.wav_split_5,background
background_06_02_11.txt.wav_split_6,background
background_06_02_11.txt.wav_split_7,background
background_06_02_11.txt.wav_split_8,background
background_06_02_11.txt.wav_split_9,background
background_06_02_11.txt.wav_split_10,background
background_06_02_11.txt.wav_split_11,background
background_06_02_11.txt.wav_split_12,background
background_06_02_11.txt.wav_split_13,background
background_06_02_11.txt.wav_split_14,background
background_06_02_11.txt.wav_split_15,background
background_06_02_11.txt.wav_split_16,background
background_06_02_11.txt.wav_split_17,background
background_06_02_11.txt.wav_split_18,background
background_06_02_11.txt.wav_split_19,background
background_06_02_11.txt.wav_split_20,background
background_06_02_11.wav_split_1,background
background_06_02_11.wav_split_2,background
background_06_02_11.wav_split_3,background
background_06_02_11.wav_split_4,background
background_06_02_11.wav_split_5,background
background_06_02_11.wav_split_6,background
background_06_02_11.wav_split_7,background
background_06_02_11.wav_split_8,background
background_06_02_11.wav_split_9,background
background_06_02_11.wav_split_10,background
background_06_02_11.wav_split_11,background
background_06_02_11.wav_split_12,background
background_06_02_11.wav_split_13,background
background_06_02_11.wav_split_14,background
background_06_02_11.wav_split_15,background
background_06_02_11.wav_split_16,background
background_06_02_11.wav_split_17,background
background_06_02_11.wav_split_18,background
background_06_02_11.wav_split_19,background
background_06_02_11.wav_split_20,background
background_06_02_12.wav_split_1,background
background_06_02_12.wav_split_2,background
background_06_02_12.wav_split_3,background
background_06_02_12.wav_split_4,background
background_06_02_12.wav_split_5,background
background_06_02_12.wav_split_6,background
background_06_02_12.wav_split_7,background
background_06_02_12.wav_split_8,background
background_06_02_12.wav_split_9,background
background_06_02_12.wav_split_10,background
background_06_02_12.wav_split_11,background
background_06_02_12.wav_split_12,background
background_06_02_12.wav_split_13,background
background_06_02_12.wav_split_14,background
background_06_02_12.wav_split_15,background
background_06_02_12.wav_split_16,background
background_06_02_12.wav_split_17,background
background_06_02_12.wav_split_18,background
background_06_02_12.wav_split_19,background
background_06_02_12.wav_split_20,background
background_06_02_13.wav_split_1,background
background_06_02_13.wav_split_2,background
background_06_02_13.wav_split_3,background
background_06_02_13.wav_split_4,background
background_06_02_13.wav_split_5,background
background_06_02_13.wav_split_6,background
background_06_02_13.wav_split_7,background
background_06_02_13.wav_split_8,background
background_06_02_13.wav_split_9,background
background_06_02_13.wav_split_10,background
background_06_02_13.wav_split_11,background
background_06_02_13.wav_split_12,background
background_06_02_13.wav_split_13,background
background_06_02_13.wav_split_14,background
background_06_02_13.wav_split_15,background
background_06_02_13.wav_split_16,background
background_06_02_13.wav_split_17,background
background_06_02_13.wav_split_18,background
background_06_02_13.wav_split_19,background
background_06_02_13.wav_split_20,background
background_06_02_14.wav_split_1,background
background_06_02_14.wav_split_2,background
background_06_02_14.wav_split_3,background
background_06_02_14.wav_split_4,background
background_06_02_14.wav_split_5,background
background_06_02_14.wav_split_6,background
background_06_02_14.wav_split_7,background
background_06_02_14.wav_split_8,background
background_06_02_14.wav_split_9,background
background_06_02_14.wav_split_10,background
background_06_02_14.wav_split_11,background
background_06_02_14.wav_split_12,background
background_06_02_14.wav_split_13,background
background_06_02_14.wav_split_14,background
background_06_02_14.wav_split_15,background
background_06_02_14.wav_split_16,background
background_06_02_14.wav_split_17,background
background_06_02_14.wav_split_18,background
background_06_02_14.wav_split_19,background
background_06_02_14.wav_split_20,background
background_06_02_15.wav_split_1,background
background_06_02_15.wav_split_2,background
background_06_02_15.wav_split_3,background
background_06_02_15.wav_split_4,background
background_06_02_15.wav_split_5,background
background_06_02_15.wav_split_6,background
background_06_02_15.wav_split_7,background
background_06_02_15.wav_split_8,background
background_06_02_15.wav_split_9,background
background_06_02_15.wav_split_10,background
background_06_02_15.wav_split_11,background
background_06_02_15.wav_split_12,background
background_06_02_15.wav_split_13,background
background_06_02_15.wav_split_14,background
background_06_02_15.wav_split_15,background
background_06_02_15.wav_split_16,background
background_06_02_15.wav_split_17,background
background_06_02_15.wav_split_18,background
background_06_02_15.wav_split_19,background
background_06_02_15.wav_split_20,background
background_06_02_16.wav_split_1,background
background_06_02_16.wav_split_2,background
background_06_02_16.wav_split_3,background
background_06_02_16.wav_split_4,background
background_06_02_16.wav_split_5,background
background_06_02_16.wav_split_6,background
background_06_02_16.wav_split_7,background
background_06_02_16.wav_split_8,background
background_06_02_16.wav_split_9,background
background_06_02_16.wav_split_10,background
background_06_02_16.wav_split_11,background
background_06_02_16.wav_split_12,background
background_06_02_16.wav_split_13,background
background_06_02_16.wav_split_14,background
background_06_02_16.wav_split_15,background
background_06_02_16.wav_split_16,background
background_06_02_16.wav_split_17,background
background_06_02_16.wav_split_18,background
background_06_02_16.wav_split_19,background
background_06_02_16.wav_split_20,background
background_06_02_18.wav_split_1,background
background_06_02_18.wav_split_2,background
background_06_02_18.wav_split_3,background
background_06_02_18.wav_split_4,background
background_06_02_18.wav_split_5,background
background_06_02_18.wav_split_6,background
background_06_02_18.wav_split_7,background
background_06_02_18.wav_split_8,background
background_06_02_18.wav_split_9,background
background_06_02_18.wav_split_10,background
background_06_02_18.wav_split_11,background
background_06_02_18.wav_split_12,background
background_06_02_18.wav_split_13,background
background_06_02_18.wav_split_14,background
background_06_02_18.wav_split_15,background
background_06_02_18.wav_split_16,background
background_06_02_18.wav_split_17,background
background_06_02_18.wav_split_18,background
background_06_02_18.wav_split_19,background
background_06_02_18.wav_split_20,background
background_06_02_19.wav_split_1,background
background_06_02_19.wav_split_2,background
background_06_02_19.wav_split_3,background
background_06_02_19.wav_split_4,background
background_06_02_19.wav_split_5,background
background_06_02_19.wav_split_6,background
background_06_02_19.wav_split_7,background
background_06_02_19.wav_split_8,background
background_06_02_19.wav_split_9,background
background_06_02_19.wav_split_10,background
background_06_02_19.wav_split_11,background
background_06_02_19.wav_split_12,background
background_06_02_19.wav_split_13,background
background_06_02_19.wav_split_14,background
background_06_02_19.wav_split_15,background
background_06_02_19.wav_split_16,background
background_06_02_19.wav_split_17,background
background_06_02_19.wav_split_18,background
background_06_02_19.wav_split_19,background
background_06_02_19.wav_split_20,background
background_06_02_20.wav_split_1,background
background_06_02_20.wav_split_2,background
background_06_02_20.wav_split_3,background
background_06_02_20.wav_split_4,background
background_06_02_20.wav_split_5,background
background_06_02_20.wav_split_6,background
background_06_02_20.wav_split_7,background
background_06_02_20.wav_split_8,background
background_06_02_20.wav_split_9,background
background_06_02_20.wav_split_10,background
background_06_02_20.wav_split_11,background
background_06_02_20.wav_split_12,background
background_06_02_20.wav_split_13,background
background_06_02_20.wav_split_14,background
background_06_02_20.wav_split_15,background
background_06_02_20.wav_split_16,background
background_06_02_20.wav_split_17,background
background_06_02_20.wav_split_18,background
background_06_02_20.wav_split_19,background
background_06_02_20.wav_split_20,background
background_07_02_17.wav_split_1,background
background_07_02_17.wav_split_2,background
background_07_02_17.wav_split_3,background
background_07_02_17.wav_split_4,background
background_07_02_17.wav_split_5,background
background_07_02_17.wav_split_6,background
background_07_02_17.wav_split_7,background
background_07_02_17.wav_split_8,background
background_07_02_17.wav_split_9,background
background_07_02_17.wav_split_10,background
background_07_02_17.wav_split_11,background
background_07_02_17.wav_split_12,background
background_07_02_17.wav_split_13,background
background_07_02_17.wav_split_14,background
background_07_02_17.wav_split_15,background
background_07_02_17.wav_split_16,background
background_07_02_17.wav_split_17,background
background_07_02_17.wav_split_18,background
background_07_02_17.wav_split_19,background
background_07_02_17.wav_split_20,background
background_eric_doing_stuff.wav_split_1,background
background_eric_doing_stuff.wav_split_2,background
background_eric_doing_stuff.wav_split_3,background
background_eric_doing_stuff.wav_split_4,background
background_eric_doing_stuff.wav_split_5,background
background_eric_doing_stuff.wav_split_6,background
background_eric_doing_stuff.wav_split_7,background
background_eric_doing_stuff.wav_split_8,background
background_eric_doing_stuff.wav_split_9,background
background_eric_doing_stuff.wav_split_10,background
background_eric_doing_stuff.wav_split_11,background
background_eric_doing_stuff.wav_split_12,background
background_eric_doing_stuff.wav_split_13,background
background_eric_doing_stuff.wav_split_14,background
background_eric_doing_stuff.wav_split_15,background
background_eric_doing_stuff.wav_split_16,background
background_eric_doing_stuff.wav_split_17,background
background_eric_doing_stuff.wav_split_18,background
background_eric_doing_stuff.wav_split_19,background
background_eric_doing_stuff.wav_split_20,background
background_in_air_iris_2.wav_split_1,background
background_in_air_iris_2.wav_split_2,background
background_in_air_iris_2.wav_split_3,background
background_in_air_iris_2.wav_split_4,background
background_in_air_iris_2.wav_split_5,background
background_in_air_iris_2.wav_split_6,background
background_in_air_iris_2.wav_split_7,background
background_in_air_iris_2.wav_split_8,background
background_in_air_iris_2.wav_split_9,background
background_in_air_iris_2.wav_split_10,background
background_in_air_iris_2.wav_split_11,background
background_in_air_iris_2.wav_split_12,background
background_in_air_iris_2.wav_split_13,background
background_in_air_iris_2.wav_split_14,background
background_in_air_iris_2.wav_split_15,background
background_in_air_iris_2.wav_split_16,background
background_in_air_iris_2.wav_split_17,background
background_in_air_iris_2.wav_split_18,background
background_in_air_iris_2.wav_split_19,background
background_in_air_iris_2.wav_split_20,background
background_in_air_iris_3.wav_split_1,background
background_in_air_iris_3.wav_split_2,background
background_in_air_iris_3.wav_split_3,background
background_in_air_iris_3.wav_split_4,background
background_in_air_iris_3.wav_split_5,background
background_in_air_iris_3.wav_split_6,background
background_in_air_iris_3.wav_split_7,background
background_in_air_iris_3.wav_split_8,background
background_in_air_iris_3.wav_split_9,background
background_in_air_iris_3.wav_split_10,background
background_in_air_iris_3.wav_split_11,background
background_in_air_iris_3.wav_split_12,background
background_in_air_iris_3.wav_split_13,background
background_in_air_iris_3.wav_split_14,background
background_in_air_iris_3.wav_split_15,background
background_in_air_iris_3.wav_split_16,background
background_in_air_iris_3.wav_split_17,background
background_in_air_iris_3.wav_split_18,background
background_in_air_iris_3.wav_split_19,background
background_in_air_iris_3.wav_split_20,background
background_in_air_iris.wav_split_1,background
background_in_air_iris.wav_split_2,background
background_in_air_iris.wav_split_3,background
background_in_air_iris.wav_split_4,background
background_in_air_iris.wav_split_5,background
background_in_air_iris.wav_split_6,background
background_in_air_iris.wav_split_7,background
background_in_air_iris.wav_split_8,background
background_in_air_iris.wav_split_9,background
background_in_air_iris.wav_split_10,background
background_in_air_iris.wav_split_11,background
background_in_air_iris.wav_split_12,background
background_in_air_iris.wav_split_13,background
background_in_air_iris.wav_split_14,background
background_in_air_iris.wav_split_15,background
background_in_air_iris.wav_split_16,background
background_in_air_iris.wav_split_17,background
background_in_air_iris.wav_split_18,background
background_in_air_iris.wav_split_19,background
background_in_air_iris.wav_split_20,background
canopy_heavy_wind.wav_split_1,background
canopy_heavy_wind.wav_split_2,background
canopy_heavy_wind.wav_split_3,background
canopy_heavy_wind.wav_split_4,background
canopy_heavy_wind.wav_split_5,background
canopy_heavy_wind.wav_split_6,background
canopy_heavy_wind.wav_split_7,background
canopy_heavy_wind.wav_split_8,background
canopy_heavy_wind.wav_split_9,background
canopy_heavy_wind.wav_split_10,background
canopy_heavy_wind.wav_split_11,background
canopy_heavy_wind.wav_split_12,background
canopy_heavy_wind.wav_split_13,background
canopy_heavy_wind.wav_split_14,background
canopy_heavy_wind.wav_split_15,background
canopy_heavy_wind.wav_split_16,background
canopy_heavy_wind.wav_split_17,background
canopy_heavy_wind.wav_split_18,background
canopy_heavy_wind.wav_split_19,background
canopy_heavy_wind.wav_split_20,background
canopy_up_01.wav_split_1,background
canopy_up_01.wav_split_2,background
canopy_up_01.wav_split_3,background
canopy_up_01.wav_split_4,background
canopy_up_01.wav_split_5,background
canopy_up_01.wav_split_6,background
canopy_up_01.wav_split_7,background
canopy_up_01.wav_split_8,background
canopy_up_01.wav_split_9,background
canopy_up_01.wav_split_10,background
canopy_up_01.wav_split_11,background
canopy_up_01.wav_split_12,background
canopy_up_01.wav_split_13,background
canopy_up_01.wav_split_14,background
canopy_up_01.wav_split_15,background
canopy_up_01.wav_split_16,background
canopy_up_01.wav_split_17,background
canopy_up_01.wav_split_18,background
canopy_up_01.wav_split_19,background
canopy_up_01.wav_split_20,background
canopy_up_03.wav_split_1,background
canopy_up_03.wav_split_2,background
canopy_up_03.wav_split_3,background
canopy_up_03.wav_split_4,background
canopy_up_03.wav_split_5,background
canopy_up_03.wav_split_6,background
canopy_up_03.wav_split_7,background
canopy_up_03.wav_split_8,background
canopy_up_03.wav_split_9,background
canopy_up_03.wav_split_10,background
canopy_up_03.wav_split_11,background
canopy_up_03.wav_split_12,background
canopy_up_03.wav_split_13,background
canopy_up_03.wav_split_14,background
canopy_up_03.wav_split_15,background
canopy_up_03.wav_split_16,background
canopy_up_03.wav_split_17,background
canopy_up_03.wav_split_18,background
canopy_up_03.wav_split_19,background
canopy_up_03.wav_split_20,background
eric_survey.wav_split_1,background
eric_survey.wav_split_2,background
eric_survey.wav_split_3,background
eric_survey.wav_split_4,background
eric_survey.wav_split_5,background
eric_survey.wav_split_6,background
eric_survey.wav_split_7,background
eric_survey.wav_split_8,background
eric_survey.wav_split_9,background
eric_survey.wav_split_10,background
eric_survey.wav_split_11,background
eric_survey.wav_split_12,background
eric_survey.wav_split_13,background
eric_survey.wav_split_14,background
eric_survey.wav_split_15,background
eric_survey.wav_split_16,background
eric_survey.wav_split_17,background
eric_survey.wav_split_18,background
eric_survey.wav_split_19,background
eric_survey.wav_split_20,background
foo.wav_split_1,background
foo.wav_split_2,background
foo.wav_split_3,background
foo.wav_split_4,background
foo.wav_split_5,background
foo.wav_split_6,background
foo.wav_split_7,background
foo.wav_split_8,background
foo.wav_split_9,background
foo.wav_split_10,background
foo.wav_split_11,background
foo.wav_split_12,background
foo.wav_split_13,background
foo.wav_split_14,background
foo.wav_split_15,background
foo.wav_split_16,background
foo.wav_split_17,background
foo.wav_split_18,background
foo.wav_split_19,background
foo.wav_split_20,background
gator.wav_split_1,background
gator.wav_split_2,background
gator.wav_split_3,background
gator.wav_split_4,background
gator.wav_split_5,background
gator.wav_split_6,background
gator.wav_split_7,background
gator.wav_split_8,background
gator.wav_split_9,background
gator.wav_split_10,background
gator.wav_split_11,background
gator.wav_split_12,background
gator.wav_split_13,background
gator.wav_split_14,background
gator.wav_split_15,background
gator.wav_split_16,background
gator.wav_split_17,background
gator.wav_split_18,background
gator.wav_split_19,background
gator.wav_split_20,background
goo2.wav_split_1,background
goo2.wav_split_2,background
goo2.wav_split_3,background
goo2.wav_split_4,background
goo2.wav_split_5,background
goo2.wav_split_6,background
goo2.wav_split_7,background
goo2.wav_split_8,background
goo2.wav_split_9,background
goo2.wav_split_10,background
goo2.wav_split_11,background
goo2.wav_split_12,background
goo2.wav_split_13,background
goo2.wav_split_14,background
goo2.wav_split_15,background
goo2.wav_split_16,background
goo2.wav_split_17,background
goo2.wav_split_18,background
goo2.wav_split_19,background
goo2.wav_split_20,background
in_air_iris_far_away.wav_split_1,background
in_air_iris_far_away.wav_split_2,background
in_air_iris_far_away.wav_split_3,background
in_air_iris_far_away.wav_split_4,background
in_air_iris_far_away.wav_split_5,background
in_air_iris_far_away.wav_split_6,background
in_air_iris_far_away.wav_split_7,background
in_air_iris_far_away.wav_split_8,background
in_air_iris_far_away.wav_split_9,background
in_air_iris_far_away.wav_split_10,background
in_air_iris_far_away.wav_split_11,background
in_air_iris_far_away.wav_split_12,background
in_air_iris_far_away.wav_split_13,background
in_air_iris_far_away.wav_split_14,background
in_air_iris_far_away.wav_split_15,background
in_air_iris_far_away.wav_split_16,background
in_air_iris_far_away.wav_split_17,background
in_air_iris_far_away.wav_split_18,background
in_air_iris_far_away.wav_split_19,background
in_air_iris_far_away.wav_split_20,background
in_air_iris_over_home_base.wav_split_1,background
in_air_iris_over_home_base.wav_split_2,background
in_air_iris_over_home_base.wav_split_3,background
in_air_iris_over_home_base.wav_split_4,background
in_air_iris_over_home_base.wav_split_5,background
in_air_iris_over_home_base.wav_split_6,background
in_air_iris_over_home_base.wav_split_7,background
in_air_iris_over_home_base.wav_split_8,background
in_air_iris_over_home_base.wav_split_9,background
in_air_iris_over_home_base.wav_split_10,background
in_air_iris_over_home_base.wav_split_11,background
in_air_iris_over_home_base.wav_split_12,background
in_air_iris_over_home_base.wav_split_13,background
in_air_iris_over_home_base.wav_split_14,background
in_air_iris_over_home_base.wav_split_15,background
in_air_iris_over_home_base.wav_split_16,background
in_air_iris_over_home_base.wav_split_17,background
in_air_iris_over_home_base.wav_split_18,background
in_air_iris_over_home_base.wav_split_19,background
in_air_iris_over_home_base.wav_split_20,background
long_background_01.wav_split_1,background
long_background_01.wav_split_2,background
long_background_01.wav_split_3,background
long_background_01.wav_split_4,background
long_background_01.wav_split_5,background
long_background_01.wav_split_6,background
long_background_01.wav_split_7,background
long_background_01.wav_split_8,background
long_background_01.wav_split_9,background
long_background_01.wav_split_10,background
long_background_01.wav_split_11,background
long_background_01.wav_split_12,background
long_background_01.wav_split_13,background
long_background_01.wav_split_14,background
long_background_01.wav_split_15,background
long_background_01.wav_split_16,background
long_background_01.wav_split_17,background
long_background_01.wav_split_18,background
long_background_01.wav_split_19,background
long_background_01.wav_split_20,background
long_background_01.wav_split_21,background
long_background_01.wav_split_22,background
long_background_01.wav_split_23,background
long_background_01.wav_split_24,background
long_background_01.wav_split_25,background
long_background_01.wav_split_26,background
long_background_01.wav_split_27,background
long_background_01.wav_split_28,background
long_background_01.wav_split_29,background
long_background_01.wav_split_30,background
long_background_01.wav_split_31,background
long_background_01.wav_split_32,background
long_background_01.wav_split_33,background
long_background_01.wav_split_34,background
long_background_01.wav_split_35,background
long_background_01.wav_split_36,background
long_background_01.wav_split_37,background
long_background_01.wav_split_38,background
long_background_01.wav_split_39,background
long_background_01.wav_split_40,background
long_background_01.wav_split_41,background
long_background_01.wav_split_42,background
long_background_01.wav_split_43,background
long_background_01.wav_split_44,background
long_background_01.wav_split_45,background
long_background_01.wav_split_46,background
long_background_01.wav_split_47,background
long_background_01.wav_split_48,background
long_background_01.wav_split_49,background
long_background_01.wav_split_50,background
long_background_01.wav_split_51,background
long_background_01.wav_split_52,background
long_background_01.wav_split_53,background
long_background_01.wav_split_54,background
long_background_01.wav_split_55,background
long_background_01.wav_split_56,background
long_background_01.wav_split_57,background
long_background_01.wav_split_58,background
long_background_01.wav_split_59,background
long_background_01.wav_split_60,background
long_background_01.wav_split_61,background
long_background_01.wav_split_62,background
long_background_01.wav_split_63,background
long_background_01.wav_split_64,background
long_background_01.wav_split_65,background
long_background_01.wav_split_66,background
long_background_01.wav_split_67,background
long_background_01.wav_split_68,background
long_background_01.wav_split_69,background
long_background_01.wav_split_70,background
long_background_01.wav_split_71,background
long_background_01.wav_split_72,background
long_background_01.wav_split_73,background
long_background_01.wav_split_74,background
long_background_01.wav_split_75,background
long_background_01.wav_split_76,background
long_background_01.wav_split_77,background
long_background_01.wav_split_78,background
long_background_01.wav_split_79,background
long_background_01.wav_split_80,background
long_background_02.wav_split_1,background
long_background_02.wav_split_2,background
long_background_02.wav_split_3,background
long_background_02.wav_split_4,background
long_background_02.wav_split_5,background
long_background_02.wav_split_6,background
long_background_02.wav_split_7,background
long_background_02.wav_split_8,background
long_background_02.wav_split_9,background
long_background_02.wav_split_10,background
long_background_02.wav_split_11,background
long_background_02.wav_split_12,background
long_background_02.wav_split_13,background
long_background_02.wav_split_14,background
long_background_02.wav_split_15,background
long_background_02.wav_split_16,background
long_background_02.wav_split_17,background
long_background_02.wav_split_18,background
long_background_02.wav_split_19,background
long_background_02.wav_split_20,background
long_background_02.wav_split_21,background
long_background_02.wav_split_22,background
long_background_02.wav_split_23,background
long_background_02.wav_split_24,background
long_background_02.wav_split_25,background
long_background_02.wav_split_26,background
long_background_02.wav_split_27,background
long_background_02.wav_split_28,background
long_background_02.wav_split_29,background
long_background_02.wav_split_30,background
long_background_02.wav_split_31,background
long_background_02.wav_split_32,background
long_background_02.wav_split_33,background
long_background_02.wav_split_34,background
long_background_02.wav_split_35,background
long_background_02.wav_split_36,background
long_background_02.wav_split_37,background
long_background_02.wav_split_38,background
long_background_02.wav_split_39,background
long_background_02.wav_split_40,background
long_background_02.wav_split_41,background
long_background_02.wav_split_42,background
long_background_02.wav_split_43,background
long_background_02.wav_split_44,background
long_background_02.wav_split_45,background
long_background_02.wav_split_46,background
long_background_02.wav_split_47,background
long_background_02.wav_split_48,background
long_background_02.wav_split_49,background
long_background_02.wav_split_50,background
long_background_02.wav_split_51,background
long_background_02.wav_split_52,background
long_background_02.wav_split_53,background
long_background_02.wav_split_54,background
long_background_02.wav_split_55,background
long_background_02.wav_split_56,background
long_background_02.wav_split_57,background
long_background_02.wav_split_58,background
long_background_02.wav_split_59,background
long_background_02.wav_split_60,background
long_background_02.wav_split_61,background
long_background_02.wav_split_62,background
long_background_02.wav_split_63,background
long_background_02.wav_split_64,background
long_background_02.wav_split_65,background
long_background_02.wav_split_66,background
long_background_02.wav_split_67,background
long_background_02.wav_split_68,background
long_background_02.wav_split_69,background
long_background_02.wav_split_70,background
long_background_02.wav_split_71,background
long_background_02.wav_split_72,background
long_background_02.wav_split_73,background
long_background_02.wav_split_74,background
long_background_02.wav_split_75,background
long_background_02.wav_split_76,background
long_background_02.wav_split_77,background
long_background_02.wav_split_78,background
long_background_02.wav_split_79,background
long_background_02.wav_split_80,background
long_background_03.wav_split_1,background
long_background_03.wav_split_2,background
long_background_03.wav_split_3,background
long_background_03.wav_split_4,background
long_background_03.wav_split_5,background
long_background_03.wav_split_6,background
long_background_03.wav_split_7,background
long_background_03.wav_split_8,background
long_background_03.wav_split_9,background
long_background_03.wav_split_10,background
long_background_03.wav_split_11,background
long_background_03.wav_split_12,background
long_background_03.wav_split_13,background
long_background_03.wav_split_14,background
long_background_03.wav_split_15,background
long_background_03.wav_split_16,background
long_background_03.wav_split_17,background
long_background_03.wav_split_18,background
long_background_03.wav_split_19,background
long_background_03.wav_split_20,background
long_background_03.wav_split_21,background
long_background_03.wav_split_22,background
long_background_03.wav_split_23,background
long_background_03.wav_split_24,background
long_background_03.wav_split_25,background
long_background_03.wav_split_26,background
long_background_03.wav_split_27,background
long_background_03.wav_split_28,background
long_background_03.wav_split_29,background
long_background_03.wav_split_30,background
long_background_03.wav_split_31,background
long_background_03.wav_split_32,background
long_background_03.wav_split_33,background
long_background_03.wav_split_34,background
long_background_03.wav_split_35,background
long_background_03.wav_split_36,background
long_background_03.wav_split_37,background
long_background_03.wav_split_38,background
long_background_03.wav_split_39,background
long_background_03.wav_split_40,background
long_background_03.wav_split_41,background
long_background_03.wav_split_42,background
long_background_03.wav_split_43,background
long_background_03.wav_split_44,background
long_background_03.wav_split_45,background
long_background_03.wav_split_46,background
long_background_03.wav_split_47,background
long_background_03.wav_split_48,background
long_background_03.wav_split_49,background
long_background_03.wav_split_50,background
long_background_03.wav_split_51,background
long_background_03.wav_split_52,background
long_background_03.wav_split_53,background
long_background_03.wav_split_54,background
long_background_03.wav_split_55,background
long_background_03.wav_split_56,background
long_background_03.wav_split_57,background
long_background_03.wav_split_58,background
long_background_03.wav_split_59,background
long_background_03.wav_split_60,background
long_background_03.wav_split_61,background
long_background_03.wav_split_62,background
long_background_03.wav_split_63,background
long_background_03.wav_split_64,background
long_background_03.wav_split_65,background
long_background_03.wav_split_66,background
long_background_03.wav_split_67,background
long_background_03.wav_split_68,background
long_background_03.wav_split_69,background
long_background_03.wav_split_70,background
long_background_03.wav_split_71,background
long_background_03.wav_split_72,background
long_background_03.wav_split_73,background
long_background_03.wav_split_74,background
long_background_03.wav_split_75,background
long_background_03.wav_split_76,background
long_background_03.wav_split_77,background
long_background_03.wav_split_78,background
long_background_03.wav_split_79,background
long_background_03.wav_split_80,background
long_background_04.wav_split_1,background
long_background_04.wav_split_2,background
long_background_04.wav_split_3,background
long_background_04.wav_split_4,background
long_background_04.wav_split_5,background
long_background_04.wav_split_6,background
long_background_04.wav_split_7,background
long_background_04.wav_split_8,background
long_background_04.wav_split_9,background
long_background_04.wav_split_10,background
long_background_04.wav_split_11,background
long_background_04.wav_split_12,background
long_background_04.wav_split_13,background
long_background_04.wav_split_14,background
long_background_04.wav_split_15,background
long_background_04.wav_split_16,background
long_background_04.wav_split_17,background
long_background_04.wav_split_18,background
long_background_04.wav_split_19,background
long_background_04.wav_split_20,background
long_background_04.wav_split_21,background
long_background_04.wav_split_22,background
long_background_04.wav_split_23,background
long_background_04.wav_split_24,background
long_background_04.wav_split_25,background
long_background_04.wav_split_26,background
long_background_04.wav_split_27,background
long_background_04.wav_split_28,background
long_background_04.wav_split_29,background
long_background_04.wav_split_30,background
long_background_04.wav_split_31,background
long_background_04.wav_split_32,background
long_background_04.wav_split_33,background
long_background_04.wav_split_34,background
long_background_04.wav_split_35,background
long_background_04.wav_split_36,background
long_background_04.wav_split_37,background
long_background_04.wav_split_38,background
long_background_04.wav_split_39,background
long_background_04.wav_split_40,background
long_background_04.wav_split_41,background
long_background_04.wav_split_42,background
long_background_04.wav_split_43,background
long_background_04.wav_split_44,background
long_background_04.wav_split_45,background
long_background_04.wav_split_46,background
long_background_04.wav_split_47,background
long_background_04.wav_split_48,background
long_background_04.wav_split_49,background
long_background_04.wav_split_50,background
long_background_04.wav_split_51,background
long_background_04.wav_split_52,background
long_background_04.wav_split_53,background
long_background_04.wav_split_54,background
long_background_04.wav_split_55,background
long_background_04.wav_split_56,background
long_background_04.wav_split_57,background
long_background_04.wav_split_58,background
long_background_04.wav_split_59,background
long_background_04.wav_split_60,background
long_background_04.wav_split_61,background
long_background_04.wav_split_62,background
long_background_04.wav_split_63,background
long_background_04.wav_split_64,background
long_background_04.wav_split_65,background
long_background_04.wav_split_66,background
long_background_04.wav_split_67,background
long_background_04.wav_split_68,background
long_background_04.wav_split_69,background
long_background_04.wav_split_70,background
long_background_04.wav_split_71,background
long_background_04.wav_split_72,background
long_background_04.wav_split_73,background
long_background_04.wav_split_74,background
long_background_04.wav_split_75,background
long_background_04.wav_split_76,background
long_background_04.wav_split_77,background
long_background_04.wav_split_78,background
long_background_04.wav_split_79,background
long_background_04.wav_split_80,background
long_background_05.wav_split_1,background
long_background_05.wav_split_2,background
long_background_05.wav_split_3,background
long_background_05.wav_split_4,background
long_background_05.wav_split_5,background
long_background_05.wav_split_6,background
long_background_05.wav_split_7,background
long_background_05.wav_split_8,background
long_background_05.wav_split_9,background
long_background_05.wav_split_10,background
long_background_05.wav_split_11,background
long_background_05.wav_split_12,background
long_background_05.wav_split_13,background
long_background_05.wav_split_14,background
long_background_05.wav_split_15,background
long_background_05.wav_split_16,background
long_background_05.wav_split_17,background
long_background_05.wav_split_18,background
long_background_05.wav_split_19,background
long_background_05.wav_split_20,background
long_background_05.wav_split_21,background
long_background_05.wav_split_22,background
long_background_05.wav_split_23,background
long_background_05.wav_split_24,background
long_background_05.wav_split_25,background
long_background_05.wav_split_26,background
long_background_05.wav_split_27,background
long_background_05.wav_split_28,background
long_background_05.wav_split_29,background
long_background_05.wav_split_30,background
long_background_05.wav_split_31,background
long_background_05.wav_split_32,background
long_background_05.wav_split_33,background
long_background_05.wav_split_34,background
long_background_05.wav_split_35,background
long_background_05.wav_split_36,background
long_background_05.wav_split_37,background
long_background_05.wav_split_38,background
long_background_05.wav_split_39,background
long_background_05.wav_split_40,background
long_background_05.wav_split_41,background
long_background_05.wav_split_42,background
long_background_05.wav_split_43,background
long_background_05.wav_split_44,background
long_background_05.wav_split_45,background
long_background_05.wav_split_46,background
long_background_05.wav_split_47,background
long_background_05.wav_split_48,background
long_background_05.wav_split_49,background
long_background_05.wav_split_50,background
long_background_05.wav_split_51,background
long_background_05.wav_split_52,background
long_background_05.wav_split_53,background
long_background_05.wav_split_54,background
long_background_05.wav_split_55,background
long_background_05.wav_split_56,background
long_background_05.wav_split_57,background
long_background_05.wav_split_58,background
long_background_05.wav_split_59,background
long_background_05.wav_split_60,background
long_background_05.wav_split_61,background
long_background_05.wav_split_62,background
long_background_05.wav_split_63,background
long_background_05.wav_split_64,background
long_background_05.wav_split_65,background
long_background_05.wav_split_66,background
long_background_05.wav_split_67,background
long_background_05.wav_split_68,background
long_background_05.wav_split_69,background
long_background_05.wav_split_70,background
long_background_05.wav_split_71,background
long_background_05.wav_split_72,background
long_background_05.wav_split_73,background
long_background_05.wav_split_74,background
long_background_05.wav_split_75,background
long_background_05.wav_split_76,background
long_background_05.wav_split_77,background
long_background_05.wav_split_78,background
long_background_05.wav_split_79,background
long_background_05.wav_split_80,background
long_background_06.wav_split_1,background
long_background_06.wav_split_2,background
long_background_06.wav_split_3,background
long_background_06.wav_split_4,background
long_background_06.wav_split_5,background
long_background_06.wav_split_6,background
long_background_06.wav_split_7,background
long_background_06.wav_split_8,background
long_background_06.wav_split_9,background
long_background_06.wav_split_10,background
long_background_06.wav_split_11,background
long_background_06.wav_split_12,background
long_background_06.wav_split_13,background
long_background_06.wav_split_14,background
long_background_06.wav_split_15,background
long_background_06.wav_split_16,background
long_background_06.wav_split_17,background
long_background_06.wav_split_18,background
long_background_06.wav_split_19,background
long_background_06.wav_split_20,background
long_background_06.wav_split_21,background
long_background_06.wav_split_22,background
long_background_06.wav_split_23,background
long_background_06.wav_split_24,background
long_background_06.wav_split_25,background
long_background_06.wav_split_26,background
long_background_06.wav_split_27,background
long_background_06.wav_split_28,background
long_background_06.wav_split_29,background
long_background_06.wav_split_30,background
long_background_06.wav_split_31,background
long_background_06.wav_split_32,background
long_background_06.wav_split_33,background
long_background_06.wav_split_34,background
long_background_06.wav_split_35,background
long_background_06.wav_split_36,background
long_background_06.wav_split_37,background
long_background_06.wav_split_38,background
long_background_06.wav_split_39,background
long_background_06.wav_split_40,background
long_background_06.wav_split_41,background
long_background_06.wav_split_42,background
long_background_06.wav_split_43,background
long_background_06.wav_split_44,background
long_background_06.wav_split_45,background
long_background_06.wav_split_46,background
long_background_06.wav_split_47,background
long_background_06.wav_split_48,background
long_background_06.wav_split_49,background
long_background_06.wav_split_50,background
long_background_06.wav_split_51,background
long_background_06.wav_split_52,background
long_background_06.wav_split_53,background
long_background_06.wav_split_54,background
long_background_06.wav_split_55,background
long_background_06.wav_split_56,background
long_background_06.wav_split_57,background
long_background_06.wav_split_58,background
long_background_06.wav_split_59,background
long_background_06.wav_split_60,background
long_background_06.wav_split_61,background
long_background_06.wav_split_62,background
long_background_06.wav_split_63,background
long_background_06.wav_split_64,background
long_background_06.wav_split_65,background
long_background_06.wav_split_66,background
long_background_06.wav_split_67,background
long_background_06.wav_split_68,background
long_background_06.wav_split_69,background
long_background_06.wav_split_70,background
long_background_06.wav_split_71,background
long_background_06.wav_split_72,background
long_background_06.wav_split_73,background
long_background_06.wav_split_74,background
long_background_06.wav_split_75,background
long_background_06.wav_split_76,background
long_background_06.wav_split_77,background
long_background_06.wav_split_78,background
long_background_06.wav_split_79,background
long_background_06.wav_split_80,background
long_background_07.wav_split_1,background
long_background_07.wav_split_2,background
long_background_07.wav_split_3,background
long_background_07.wav_split_4,background
long_background_07.wav_split_5,background
long_background_07.wav_split_6,background
long_background_07.wav_split_7,background
long_background_07.wav_split_8,background
long_background_07.wav_split_9,background
long_background_07.wav_split_10,background
long_background_07.wav_split_11,background
long_background_07.wav_split_12,background
long_background_07.wav_split_13,background
long_background_07.wav_split_14,background
long_background_07.wav_split_15,background
long_background_07.wav_split_16,background
long_background_07.wav_split_17,background
long_background_07.wav_split_18,background
long_background_07.wav_split_19,background
long_background_07.wav_split_20,background
long_background_07.wav_split_21,background
long_background_07.wav_split_22,background
long_background_07.wav_split_23,background
long_background_07.wav_split_24,background
long_background_07.wav_split_25,background
long_background_07.wav_split_26,background
long_background_07.wav_split_27,background
long_background_07.wav_split_28,background
long_background_07.wav_split_29,background
long_background_07.wav_split_30,background
long_background_07.wav_split_31,background
long_background_07.wav_split_32,background
long_background_07.wav_split_33,background
long_background_07.wav_split_34,background
long_background_07.wav_split_35,background
long_background_07.wav_split_36,background
long_background_07.wav_split_37,background
long_background_07.wav_split_38,background
long_background_07.wav_split_39,background
long_background_07.wav_split_40,background
long_background_07.wav_split_41,background
long_background_07.wav_split_42,background
long_background_07.wav_split_43,background
long_background_07.wav_split_44,background
long_background_07.wav_split_45,background
long_background_07.wav_split_46,background
long_background_07.wav_split_47,background
long_background_07.wav_split_48,background
long_background_07.wav_split_49,background
long_background_07.wav_split_50,background
long_background_07.wav_split_51,background
long_background_07.wav_split_52,background
long_background_07.wav_split_53,background
long_background_07.wav_split_54,background
long_background_07.wav_split_55,background
long_background_07.wav_split_56,background
long_background_07.wav_split_57,background
long_background_07.wav_split_58,background
long_background_07.wav_split_59,background
long_background_07.wav_split_60,background
long_background_07.wav_split_61,background
long_background_07.wav_split_62,background
long_background_07.wav_split_63,background
long_background_07.wav_split_64,background
long_background_07.wav_split_65,background
long_background_07.wav_split_66,background
long_background_07.wav_split_67,background
long_background_07.wav_split_68,background
long_background_07.wav_split_69,background
long_background_07.wav_split_70,background
long_background_07.wav_split_71,background
long_background_07.wav_split_72,background
long_background_07.wav_split_73,background
long_background_07.wav_split_74,background
long_background_07.wav_split_75,background
long_background_07.wav_split_76,background
long_background_07.wav_split_77,background
long_background_07.wav_split_78,background
long_background_07.wav_split_79,background
long_background_07.wav_split_80,background
motorcycle.wav_split_1,background
motorcycle.wav_split_2,background
motorcycle.wav_split_3,background
motorcycle.wav_split_4,background
motorcycle.wav_split_5,background
motorcycle.wav_split_6,background
motorcycle.wav_split_7,background
motorcycle.wav_split_8,background
motorcycle.wav_split_9,background
motorcycle.wav_split_10,background
motorcycle.wav_split_11,background
motorcycle.wav_split_12,background
motorcycle.wav_split_13,background
motorcycle.wav_split_14,background
motorcycle.wav_split_15,background
motorcycle.wav_split_16,background
motorcycle.wav_split_17,background
motorcycle.wav_split_18,background
motorcycle.wav_split_19,background
motorcycle.wav_split_20,background
P1_stationary.wav_split_1,P1
P1_stationary.wav_split_1 copy,P1
P1_stationary.wav_split_1 copy 2,P1
P1_stationary.wav_split_1 copy 3,P1
P1_stationary.wav_split_2,P1
P1_stationary.wav_split_2 copy,P1
P1_stationary.wav_split_2 copy 2,P1
P1_stationary.wav_split_3,P1
P1_stationary.wav_split_3 copy,P1
P1_stationary.wav_split_3 copy 2,P1
P1_stationary.wav_split_4,P1
P1_stationary.wav_split_4 copy,P1
P1_stationary.wav_split_4 copy 2,P1
P1_stationary.wav_split_5,P1
P1_stationary.wav_split_5 copy,P1
P1_stationary.wav_split_5 copy 2,P1
P1_stationary.wav_split_6,P1
P1_stationary.wav_split_6 copy,P1
P1_stationary.wav_split_6 copy 2,P1
P1_stationary.wav_split_7,P1
P1_stationary.wav_split_7 copy,P1
P1_stationary.wav_split_7 copy 2,P1
P1_stationary.wav_split_8,P1
P1_stationary.wav_split_8 copy,P1
P1_stationary.wav_split_8 copy 2,P1
P1_stationary.wav_split_9,P1
P1_stationary.wav_split_9 copy,P1
P1_stationary.wav_split_9 copy 2,P1
P1_stationary.wav_split_10,P1
P1_stationary.wav_split_10 copy,P1
P1_stationary.wav_split_10 copy 2,P1
P1_stationary.wav_split_11,P1
P1_stationary.wav_split_11 copy,P1
P1_stationary.wav_split_11 copy 2,P1
P1_stationary.wav_split_12,P1
P1_stationary.wav_split_12 copy,P1
P1_stationary.wav_split_12 copy 2,P1
P1_stationary.wav_split_13,P1
P1_stationary.wav_split_13 copy,P1
P1_stationary.wav_split_13 copy 2,P1
P1_stationary.wav_split_14,P1
P1_stationary.wav_split_14 copy,P1
P1_stationary.wav_split_14 copy 2,P1
P1_stationary.wav_split_15,P1
P1_stationary.wav_split_15 copy,P1
P1_stationary.wav_split_15 copy 2,P1
P1_stationary.wav_split_16,P1
P1_stationary.wav_split_16 copy,P1
P1_stationary.wav_split_16 copy 2,P1
P1_stationary.wav_split_17,P1
P1_stationary.wav_split_17 copy,P1
P1_stationary.wav_split_17 copy 2,P1
P1_stationary.wav_split_18,P1
P1_stationary.wav_split_18 copy,P1
P1_stationary.wav_split_18 copy 2,P1
P1_stationary.wav_split_19,P1
P1_stationary.wav_split_19 copy,P1
P1_stationary.wav_split_19 copy 2,P1
P1_stationary.wav_split_20,P1
P1_stationary.wav_split_20 copy,P1
P1_stationary.wav_split_20 copy 2,P1
P1_up_and_down.wav_split_1,P1
P1_up_and_down.wav_split_1 copy,P1
P1_up_and_down.wav_split_1 copy 2,P1
P1_up_and_down.wav_split_2,P1
P1_up_and_down.wav_split_2 copy,P1
P1_up_and_down.wav_split_2 copy 2,P1
P1_up_and_down.wav_split_3,P1
P1_up_and_down.wav_split_3 copy,P1
P1_up_and_down.wav_split_3 copy 2,P1
P1_up_and_down.wav_split_4,P1
P1_up_and_down.wav_split_4 copy,P1
P1_up_and_down.wav_split_4 copy 2,P1
P1_up_and_down.wav_split_5,P1
P1_up_and_down.wav_split_5 copy,P1
P1_up_and_down.wav_split_5 copy 2,P1
P1_up_and_down.wav_split_6,P1
P1_up_and_down.wav_split_6 copy,P1
P1_up_and_down.wav_split_6 copy 2,P1
P1_up_and_down.wav_split_7,P1
P1_up_and_down.wav_split_7 copy,P1
P1_up_and_down.wav_split_7 copy 2,P1
P1_up_and_down.wav_split_8,P1
P1_up_and_down.wav_split_8 copy,P1
P1_up_and_down.wav_split_8 copy 2,P1
P1_up_and_down.wav_split_9,P1
P1_up_and_down.wav_split_9 copy,P1
P1_up_and_down.wav_split_9 copy 2,P1
P1_up_and_down.wav_split_10,P1
P1_up_and_down.wav_split_10 copy,P1
P1_up_and_down.wav_split_10 copy 2,P1
P1_up_and_down.wav_split_11,P1
P1_up_and_down.wav_split_11 copy,P1
P1_up_and_down.wav_split_11 copy 2,P1
P1_up_and_down.wav_split_12,P1
P1_up_and_down.wav_split_12 copy,P1
P1_up_and_down.wav_split_12 copy 2,P1
P1_up_and_down.wav_split_13,P1
P1_up_and_down.wav_split_13 copy,P1
P1_up_and_down.wav_split_13 copy 2,P1
P1_up_and_down.wav_split_14,P1
P1_up_and_down.wav_split_14 copy,P1
P1_up_and_down.wav_split_14 copy 2,P1
P1_up_and_down.wav_split_15,P1
P1_up_and_down.wav_split_15 copy,P1
P1_up_and_down.wav_split_15 copy 2,P1
P1_up_and_down.wav_split_16,P1
P1_up_and_down.wav_split_16 copy,P1
P1_up_and_down.wav_split_16 copy 2,P1
P1_up_and_down.wav_split_17,P1
P1_up_and_down.wav_split_17 copy,P1
P1_up_and_down.wav_split_17 copy 2,P1
P1_up_and_down.wav_split_18,P1
P1_up_and_down.wav_split_18 copy,P1
P1_up_and_down.wav_split_18 copy 2,P1
P1_up_and_down.wav_split_19,P1
P1_up_and_down.wav_split_19 copy,P1
P1_up_and_down.wav_split_19 copy 2,P1
P1_up_and_down.wav_split_20,P1
P1_up_and_down.wav_split_20 copy,P1
P1_up_and_down.wav_split_20 copy 2,P1
purdue_P2_unloaded_up_down.wav_split_1,P2_UNLOADED
purdue_P2_unloaded_up_down.wav_split_1 copy,P2_UNLOADED
purdue_P2_unloaded_up_down.wav_split_1 copy 2,P2_UNLOADED
purdue_P2_unloaded_up_down.wav_split_2,P2_UNLOADED
purdue_P2_unloaded_up_down.wav_split_2 copy,P2_UNLOADED
purdue_P2_unloaded_up_down.wav_split_2 copy 2,P2_UNLOADED
purdue_P2_unloaded_up_down.wav_split_3,P2_UNLOADED
purdue_P2_unloaded_up_down.wav_split_3 copy,P2_UNLOADED
purdue_P2_unloaded_up_down.wav_split_3 copy 2,P2_UNLOADED
purdue_P2_unloaded_up_down.wav_split_4,P2_UNLOADED
purdue_P2_unloaded_up_down.wav_split_4 copy,P2_UNLOADED
purdue_P2_unloaded_up_down.wav_split_4 copy 2,P2_UNLOADED
purdue_P2_unloaded_up_down.wav_split_5,P2_UNLOADED
purdue_P2_unloaded_up_down.wav_split_5 copy,P2_UNLOADED
purdue_P2_unloaded_up_down.wav_split_5 copy 2,P2_UNLOADED
purdue_P2_unloaded_up_down.wav_split_6,P2_UNLOADED
purdue_P2_unloaded_up_down.wav_split_6 copy,P2_UNLOADED
purdue_P2_unloaded_up_down.wav_split_6 copy 2,P2_UNLOADED
purdue_P2_unloaded_up_down.wav_split_7,P2_UNLOADED
purdue_P2_unloaded_up_down.wav_split_7 copy,P2_UNLOADED
purdue_P2_unloaded_up_down.wav_split_7 copy 2,P2_UNLOADED
purdue_P2_unloaded_up_down.wav_split_8,P2_UNLOADED
purdue_P2_unloaded_up_down.wav_split_8 copy,P2_UNLOADED
purdue_P2_unloaded_up_down.wav_split_8 copy 2,P2_UNLOADED
purdue_P2_unloaded_up_down.wav_split_9,P2_UNLOADED
purdue_P2_unloaded_up_down.wav_split_9 copy,P2_UNLOADED
purdue_P2_unloaded_up_down.wav_split_9 copy 2,P2_UNLOADED
purdue_P2_unloaded_up_down.wav_split_10,P2_UNLOADED
purdue_P2_unloaded_up_down.wav_split_10 copy,P2_UNLOADED
purdue_P2_unloaded_up_down.wav_split_10 copy 2,P2_UNLOADED
purdue_P2_unloaded_up_down.wav_split_11,P2_UNLOADED
purdue_P2_unloaded_up_down.wav_split_11 copy,P2_UNLOADED
purdue_P2_unloaded_up_down.wav_split_11 copy 2,P2_UNLOADED
purdue_P2_unloaded_up_down.wav_split_12,P2_UNLOADED
purdue_P2_unloaded_up_down.wav_split_12 copy,P2_UNLOADED
purdue_P2_unloaded_up_down.wav_split_12 copy 2,P2_UNLOADED
purdue_P2_unloaded_up_down.wav_split_13,P2_UNLOADED
purdue_P2_unloaded_up_down.wav_split_13 copy,P2_UNLOADED
purdue_P2_unloaded_up_down.wav_split_13 copy 2,P2_UNLOADED
purdue_P2_unloaded_up_down.wav_split_14,P2_UNLOADED
purdue_P2_unloaded_up_down.wav_split_14 copy,P2_UNLOADED
purdue_P2_unloaded_up_down.wav_split_14 copy 2,P2_UNLOADED
purdue_P2_unloaded_up_down.wav_split_15,P2_UNLOADED
purdue_P2_unloaded_up_down.wav_split_15 copy,P2_UNLOADED
purdue_P2_unloaded_up_down.wav_split_15 copy 2,P2_UNLOADED
purdue_P2_unloaded_up_down.wav_split_16,P2_UNLOADED
purdue_P2_unloaded_up_down.wav_split_16 copy,P2_UNLOADED
purdue_P2_unloaded_up_down.wav_split_16 copy 2,P2_UNLOADED
purdue_P2_unloaded_up_down.wav_split_17,P2_UNLOADED
purdue_P2_unloaded_up_down.wav_split_17 copy,P2_UNLOADED
purdue_P2_unloaded_up_down.wav_split_17 copy 2,P2_UNLOADED
purdue_P2_unloaded_up_down.wav_split_18,P2_UNLOADED
purdue_P2_unloaded_up_down.wav_split_18 copy,P2_UNLOADED
purdue_P2_unloaded_up_down.wav_split_18 copy 2,P2_UNLOADED
purdue_P2_unloaded_up_down.wav_split_19,P2_UNLOADED
purdue_P2_unloaded_up_down.wav_split_19 copy,P2_UNLOADED
purdue_P2_unloaded_up_down.wav_split_19 copy 2,P2_UNLOADED
purdue_P2_unloaded_up_down.wav_split_20,P2_UNLOADED
purdue_P2_unloaded_up_down.wav_split_20 copy,P2_UNLOADED
purdue_P2_unloaded_up_down.wav_split_20 copy 2,P2_UNLOADED
purrdue_P2_standing.wav_split_1,P2
purrdue_P2_standing.wav_split_1 copy,P2
purrdue_P2_standing.wav_split_1 copy 2,P2
purrdue_P2_standing.wav_split_2,P2
purrdue_P2_standing.wav_split_2 copy,P2
purrdue_P2_standing.wav_split_2 copy 2,P2
purrdue_P2_standing.wav_split_3,P2
purrdue_P2_standing.wav_split_3 copy,P2
purrdue_P2_standing.wav_split_3 copy 2,P2
purrdue_P2_standing.wav_split_4,P2
purrdue_P2_standing.wav_split_4 copy,P2
purrdue_P2_standing.wav_split_4 copy 2,P2
purrdue_P2_standing.wav_split_5,P2
purrdue_P2_standing.wav_split_5 copy,P2
purrdue_P2_standing.wav_split_5 copy 2,P2
purrdue_P2_standing.wav_split_6,P2
purrdue_P2_standing.wav_split_6 copy,P2
purrdue_P2_standing.wav_split_6 copy 2,P2
purrdue_P2_standing.wav_split_7,P2
purrdue_P2_standing.wav_split_7 copy,P2
purrdue_P2_standing.wav_split_7 copy 2,P2
purrdue_P2_standing.wav_split_8,P2
purrdue_P2_standing.wav_split_8 copy,P2
purrdue_P2_standing.wav_split_8 copy 2,P2
purrdue_P2_standing.wav_split_9,P2
purrdue_P2_standing.wav_split_9 copy,P2
purrdue_P2_standing.wav_split_9 copy 2,P2
purrdue_P2_standing.wav_split_10,P2
purrdue_P2_standing.wav_split_10 copy,P2
purrdue_P2_standing.wav_split_10 copy 2,P2
purrdue_P2_standing.wav_split_11,P2
purrdue_P2_standing.wav_split_11 copy,P2
purrdue_P2_standing.wav_split_11 copy 2,P2
purrdue_P2_standing.wav_split_12,P2
purrdue_P2_standing.wav_split_12 copy,P2
purrdue_P2_standing.wav_split_12 copy 2,P2
purrdue_P2_standing.wav_split_13,P2
purrdue_P2_standing.wav_split_13 copy,P2
purrdue_P2_standing.wav_split_13 copy 2,P2
purrdue_P2_standing.wav_split_14,P2
purrdue_P2_standing.wav_split_14 copy,P2
purrdue_P2_standing.wav_split_14 copy 2,P2
purrdue_P2_standing.wav_split_15,P2
purrdue_P2_standing.wav_split_15 copy,P2
purrdue_P2_standing.wav_split_15 copy 2,P2
purrdue_P2_standing.wav_split_16,P2
purrdue_P2_standing.wav_split_16 copy,P2
purrdue_P2_standing.wav_split_16 copy 2,P2
purrdue_P2_standing.wav_split_17,P2
purrdue_P2_standing.wav_split_17 copy,P2
purrdue_P2_standing.wav_split_17 copy 2,P2
purrdue_P2_standing.wav_split_18,P2
purrdue_P2_standing.wav_split_18 copy,P2
purrdue_P2_standing.wav_split_18 copy 2,P2
purrdue_P2_standing.wav_split_19,P2
purrdue_P2_standing.wav_split_19 copy,P2
purrdue_P2_standing.wav_split_19 copy 2,P2
purrdue_P2_standing.wav_split_20,P2
purrdue_P2_standing.wav_split_20 copy,P2
purrdue_P2_standing.wav_split_20 copy 2,P2
train_03.wav_split_1,background
train_03.wav_split_2,background
train_03.wav_split_3,background
train_03.wav_split_4,background
train_03.wav_split_5,background
train_03.wav_split_6,background
train_03.wav_split_7,background
train_03.wav_split_8,background
train_03.wav_split_9,background
train_03.wav_split_10,background
train_03.wav_split_11,background
train_03.wav_split_12,background
train_03.wav_split_13,background
train_03.wav_split_14,background
train_03.wav_split_15,background
train_03.wav_split_16,background
train_03.wav_split_17,background
train_03.wav_split_18,background
train_03.wav_split_19,background
train_03.wav_split_20,background
train_and_gator.wav_split_1,background
train_and_gator.wav_split_2,background
train_and_gator.wav_split_3,background
train_and_gator.wav_split_4,background
train_and_gator.wav_split_5,background
train_and_gator.wav_split_6,background
train_and_gator.wav_split_7,background
train_and_gator.wav_split_8,background
train_and_gator.wav_split_9,background
train_and_gator.wav_split_10,background
train_and_gator.wav_split_11,background
train_and_gator.wav_split_12,background
train_and_gator.wav_split_13,background
train_and_gator.wav_split_14,background
train_and_gator.wav_split_15,background
train_and_gator.wav_split_16,background
train_and_gator.wav_split_17,background
train_and_gator.wav_split_18,background
train_and_gator.wav_split_19,background
train_and_gator.wav_split_20,background
train.wav_split_1,background
train.wav_split_2,background
train.wav_split_3,background
train.wav_split_4,background
train.wav_split_5,background
train.wav_split_6,background
train.wav_split_7,background
train.wav_split_8,background
train.wav_split_9,background
train.wav_split_10,background
train.wav_split_11,background
train.wav_split_12,background
train.wav_split_13,background
train.wav_split_14,background
train.wav_split_15,background
train.wav_split_16,background
train.wav_split_17,background
train.wav_split_18,background
train.wav_split_19,background
train.wav_split_20,background
train2.wav_split_1,background
train2.wav_split_2,background
train2.wav_split_3,background
train2.wav_split_4,background
train2.wav_split_5,background
train2.wav_split_6,background
train2.wav_split_7,background
train2.wav_split_8,background
train2.wav_split_9,background
train2.wav_split_10,background
train2.wav_split_11,background
train2.wav_split_12,background
train2.wav_split_13,background
train2.wav_split_14,background
train2.wav_split_15,background
train2.wav_split_16,background
train2.wav_split_17,background
train2.wav_split_18,background
train2.wav_split_19,background
train2.wav_split_20,background
train04.wav_split_1,background
train04.wav_split_2,background
train04.wav_split_3,background
train04.wav_split_4,background
train04.wav_split_5,background
train04.wav_split_6,background
train04.wav_split_7,background
train04.wav_split_8,background
train04.wav_split_9,background
train04.wav_split_10,background
train04.wav_split_11,background
train04.wav_split_12,background
train04.wav_split_13,background
train04.wav_split_14,background
train04.wav_split_15,background
train04.wav_split_16,background
train04.wav_split_17,background
train04.wav_split_18,background
train04.wav_split_19,background
train04.wav_split_20,background
WSU_P2_DOWN_UNLOADED.wav_split_1,P2_UNLOADED
WSU_P2_DOWN_UNLOADED.wav_split_1 copy,P2_UNLOADED
WSU_P2_DOWN_UNLOADED.wav_split_1 copy 2,P2_UNLOADED
WSU_P2_DOWN_UNLOADED.wav_split_1 copy 3,P2_UNLOADED
WSU_P2_DOWN_UNLOADED.wav_split_2,P2_UNLOADED
WSU_P2_DOWN_UNLOADED.wav_split_2 copy,P2_UNLOADED
WSU_P2_DOWN_UNLOADED.wav_split_2 copy 2,P2_UNLOADED
WSU_P2_DOWN_UNLOADED.wav_split_2 copy 3,P2_UNLOADED
WSU_P2_DOWN_UNLOADED.wav_split_3,P2_UNLOADED
WSU_P2_DOWN_UNLOADED.wav_split_3 copy,P2_UNLOADED
WSU_P2_DOWN_UNLOADED.wav_split_3 copy 2,P2_UNLOADED
WSU_P2_DOWN_UNLOADED.wav_split_3 copy 3,P2_UNLOADED
WSU_P2_DOWN_UNLOADED.wav_split_4,P2_UNLOADED
WSU_P2_DOWN_UNLOADED.wav_split_4 copy,P2_UNLOADED
WSU_P2_DOWN_UNLOADED.wav_split_4 copy 2,P2_UNLOADED
WSU_P2_DOWN_UNLOADED.wav_split_4 copy 3,P2_UNLOADED
WSU_P2_DOWN_UNLOADED.wav_split_5,P2_UNLOADED
WSU_P2_DOWN_UNLOADED.wav_split_5 copy,P2_UNLOADED
WSU_P2_DOWN_UNLOADED.wav_split_5 copy 2,P2_UNLOADED
WSU_P2_DOWN_UNLOADED.wav_split_5 copy 3,P2_UNLOADED
WSU_P2_DOWN_UNLOADED.wav_split_6,P2_UNLOADED
WSU_P2_DOWN_UNLOADED.wav_split_6 copy,P2_UNLOADED
WSU_P2_DOWN_UNLOADED.wav_split_6 copy 2,P2_UNLOADED
WSU_P2_DOWN_UNLOADED.wav_split_6 copy 3,P2_UNLOADED
WSU_P2_DOWN_UNLOADED.wav_split_7,P2_UNLOADED
WSU_P2_DOWN_UNLOADED.wav_split_7 copy,P2_UNLOADED
WSU_P2_DOWN_UNLOADED.wav_split_7 copy 2,P2_UNLOADED
WSU_P2_DOWN_UNLOADED.wav_split_7 copy 3,P2_UNLOADED
WSU_P2_DOWN_UNLOADED.wav_split_8,P2_UNLOADED
WSU_P2_DOWN_UNLOADED.wav_split_8 copy,P2_UNLOADED
WSU_P2_DOWN_UNLOADED.wav_split_8 copy 2,P2_UNLOADED
WSU_P2_DOWN_UNLOADED.wav_split_8 copy 3,P2_UNLOADED
WSU_P2_DOWN_UNLOADED.wav_split_9,P2_UNLOADED
WSU_P2_DOWN_UNLOADED.wav_split_9 copy,P2_UNLOADED
WSU_P2_DOWN_UNLOADED.wav_split_9 copy 2,P2_UNLOADED
WSU_P2_DOWN_UNLOADED.wav_split_9 copy 3,P2_UNLOADED
WSU_P2_DOWN_UNLOADED.wav_split_10,P2_UNLOADED
WSU_P2_DOWN_UNLOADED.wav_split_10 copy,P2_UNLOADED
WSU_P2_DOWN_UNLOADED.wav_split_10 copy 2,P2_UNLOADED
WSU_P2_DOWN_UNLOADED.wav_split_10 copy 3,P2_UNLOADED
WSU_P2_DOWN_UNLOADED.wav_split_11,P2_UNLOADED
WSU_P2_DOWN_UNLOADED.wav_split_11 copy,P2_UNLOADED
WSU_P2_DOWN_UNLOADED.wav_split_11 copy 2,P2_UNLOADED
WSU_P2_DOWN_UNLOADED.wav_split_11 copy 3,P2_UNLOADED
WSU_P2_DOWN_UNLOADED.wav_split_12,P2_UNLOADED
WSU_P2_DOWN_UNLOADED.wav_split_12 copy,P2_UNLOADED
WSU_P2_DOWN_UNLOADED.wav_split_12 copy 2,P2_UNLOADED
WSU_P2_DOWN_UNLOADED.wav_split_12 copy 3,P2_UNLOADED
WSU_P2_DOWN_UNLOADED.wav_split_13,P2_UNLOADED
WSU_P2_DOWN_UNLOADED.wav_split_13 copy,P2_UNLOADED
WSU_P2_DOWN_UNLOADED.wav_split_13 copy 2,P2_UNLOADED
WSU_P2_DOWN_UNLOADED.wav_split_13 copy 3,P2_UNLOADED
WSU_P2_DOWN_UNLOADED.wav_split_14,P2_UNLOADED
WSU_P2_DOWN_UNLOADED.wav_split_14 copy,P2_UNLOADED
WSU_P2_DOWN_UNLOADED.wav_split_14 copy 2,P2_UNLOADED
WSU_P2_DOWN_UNLOADED.wav_split_14 copy 3,P2_UNLOADED
WSU_P2_DOWN_UNLOADED.wav_split_15,P2_UNLOADED
WSU_P2_DOWN_UNLOADED.wav_split_15 copy,P2_UNLOADED
WSU_P2_DOWN_UNLOADED.wav_split_15 copy 2,P2_UNLOADED
WSU_P2_DOWN_UNLOADED.wav_split_15 copy 3,P2_UNLOADED
WSU_P2_DOWN_UNLOADED.wav_split_16,P2_UNLOADED
WSU_P2_DOWN_UNLOADED.wav_split_16 copy,P2_UNLOADED
WSU_P2_DOWN_UNLOADED.wav_split_16 copy 2,P2_UNLOADED
WSU_P2_DOWN_UNLOADED.wav_split_16 copy 3,P2_UNLOADED
WSU_P2_DOWN_UNLOADED.wav_split_17,P2_UNLOADED
WSU_P2_DOWN_UNLOADED.wav_split_17 copy,P2_UNLOADED
WSU_P2_DOWN_UNLOADED.wav_split_17 copy 2,P2_UNLOADED
WSU_P2_DOWN_UNLOADED.wav_split_17 copy 3,P2_UNLOADED
WSU_P2_DOWN_UNLOADED.wav_split_18,P2_UNLOADED
WSU_P2_DOWN_UNLOADED.wav_split_18 copy,P2_UNLOADED
WSU_P2_DOWN_UNLOADED.wav_split_18 copy 2,P2_UNLOADED
WSU_P2_DOWN_UNLOADED.wav_split_18 copy 3,P2_UNLOADED
WSU_P2_DOWN_UNLOADED.wav_split_19,P2_UNLOADED
WSU_P2_DOWN_UNLOADED.wav_split_19 copy,P2_UNLOADED
WSU_P2_DOWN_UNLOADED.wav_split_19 copy 2,P2_UNLOADED
WSU_P2_DOWN_UNLOADED.wav_split_19 copy 3,P2_UNLOADED
WSU_P2_DOWN_UNLOADED.wav_split_20,P2_UNLOADED
WSU_P2_DOWN_UNLOADED.wav_split_20 copy,P2_UNLOADED
WSU_P2_DOWN_UNLOADED.wav_split_20 copy 2,P2_UNLOADED
WSU_P2_DOWN_UNLOADED.wav_split_20 copy 3,P2_UNLOADED
WSU_P2_HIGH_LOADED_DOWN.wav_split_1,P2_LOADED
WSU_P2_HIGH_LOADED_DOWN.wav_split_1 copy,P2_LOADED
WSU_P2_HIGH_LOADED_DOWN.wav_split_1 copy 2,P2_LOADED
WSU_P2_HIGH_LOADED_DOWN.wav_split_1 copy 3,P2_LOADED
WSU_P2_HIGH_LOADED_DOWN.wav_split_2,P2_LOADED
WSU_P2_HIGH_LOADED_DOWN.wav_split_2 copy,P2_LOADED
WSU_P2_HIGH_LOADED_DOWN.wav_split_2 copy 2,P2_LOADED
WSU_P2_HIGH_LOADED_DOWN.wav_split_2 copy 3,P2_LOADED
WSU_P2_HIGH_LOADED_DOWN.wav_split_3,P2_LOADED
WSU_P2_HIGH_LOADED_DOWN.wav_split_3 copy,P2_LOADED
WSU_P2_HIGH_LOADED_DOWN.wav_split_3 copy 2,P2_LOADED
WSU_P2_HIGH_LOADED_DOWN.wav_split_3 copy 3,P2_LOADED
WSU_P2_HIGH_LOADED_DOWN.wav_split_4,P2_LOADED
WSU_P2_HIGH_LOADED_DOWN.wav_split_4 copy,P2_LOADED
WSU_P2_HIGH_LOADED_DOWN.wav_split_4 copy 2,P2_LOADED
WSU_P2_HIGH_LOADED_DOWN.wav_split_4 copy 3,P2_LOADED
WSU_P2_HIGH_LOADED_DOWN.wav_split_5,P2_LOADED
WSU_P2_HIGH_LOADED_DOWN.wav_split_5 copy,P2_LOADED
WSU_P2_HIGH_LOADED_DOWN.wav_split_5 copy 2,P2_LOADED
WSU_P2_HIGH_LOADED_DOWN.wav_split_5 copy 3,P2_LOADED
WSU_P2_HIGH_LOADED_DOWN.wav_split_6,P2_LOADED
WSU_P2_HIGH_LOADED_DOWN.wav_split_6 copy,P2_LOADED
WSU_P2_HIGH_LOADED_DOWN.wav_split_6 copy 2,P2_LOADED
WSU_P2_HIGH_LOADED_DOWN.wav_split_6 copy 3,P2_LOADED
WSU_P2_HIGH_LOADED_DOWN.wav_split_7,P2_LOADED
WSU_P2_HIGH_LOADED_DOWN.wav_split_7 copy,P2_LOADED
WSU_P2_HIGH_LOADED_DOWN.wav_split_7 copy 2,P2_LOADED
WSU_P2_HIGH_LOADED_DOWN.wav_split_7 copy 3,P2_LOADED
WSU_P2_HIGH_LOADED_DOWN.wav_split_8,P2_LOADED
WSU_P2_HIGH_LOADED_DOWN.wav_split_8 copy,P2_LOADED
WSU_P2_HIGH_LOADED_DOWN.wav_split_8 copy 2,P2_LOADED
WSU_P2_HIGH_LOADED_DOWN.wav_split_8 copy 3,P2_LOADED
WSU_P2_HIGH_LOADED_DOWN.wav_split_9,P2_LOADED
WSU_P2_HIGH_LOADED_DOWN.wav_split_9 copy,P2_LOADED
WSU_P2_HIGH_LOADED_DOWN.wav_split_9 copy 2,P2_LOADED
WSU_P2_HIGH_LOADED_DOWN.wav_split_9 copy 3,P2_LOADED
WSU_P2_HIGH_LOADED_DOWN.wav_split_10,P2_LOADED
WSU_P2_HIGH_LOADED_DOWN.wav_split_10 copy,P2_LOADED
WSU_P2_HIGH_LOADED_DOWN.wav_split_10 copy 2,P2_LOADED
WSU_P2_HIGH_LOADED_DOWN.wav_split_10 copy 3,P2_LOADED
WSU_P2_HIGH_LOADED_DOWN.wav_split_11,P2_LOADED
WSU_P2_HIGH_LOADED_DOWN.wav_split_11 copy,P2_LOADED
WSU_P2_HIGH_LOADED_DOWN.wav_split_11 copy 2,P2_LOADED
WSU_P2_HIGH_LOADED_DOWN.wav_split_11 copy 3,P2_LOADED
WSU_P2_HIGH_LOADED_DOWN.wav_split_12,P2_LOADED
WSU_P2_HIGH_LOADED_DOWN.wav_split_12 copy,P2_LOADED
WSU_P2_HIGH_LOADED_DOWN.wav_split_12 copy 2,P2_LOADED
WSU_P2_HIGH_LOADED_DOWN.wav_split_12 copy 3,P2_LOADED
WSU_P2_HIGH_LOADED_DOWN.wav_split_13,P2_LOADED
WSU_P2_HIGH_LOADED_DOWN.wav_split_13 copy,P2_LOADED
WSU_P2_HIGH_LOADED_DOWN.wav_split_13 copy 2,P2_LOADED
WSU_P2_HIGH_LOADED_DOWN.wav_split_13 copy 3,P2_LOADED
WSU_P2_HIGH_LOADED_DOWN.wav_split_14,P2_LOADED
WSU_P2_HIGH_LOADED_DOWN.wav_split_14 copy,P2_LOADED
WSU_P2_HIGH_LOADED_DOWN.wav_split_14 copy 2,P2_LOADED
WSU_P2_HIGH_LOADED_DOWN.wav_split_14 copy 3,P2_LOADED
WSU_P2_HIGH_LOADED_DOWN.wav_split_15,P2_LOADED
WSU_P2_HIGH_LOADED_DOWN.wav_split_15 copy,P2_LOADED
WSU_P2_HIGH_LOADED_DOWN.wav_split_15 copy 2,P2_LOADED
WSU_P2_HIGH_LOADED_DOWN.wav_split_15 copy 3,P2_LOADED
WSU_P2_HIGH_LOADED_DOWN.wav_split_16,P2_LOADED
WSU_P2_HIGH_LOADED_DOWN.wav_split_16 copy,P2_LOADED
WSU_P2_HIGH_LOADED_DOWN.wav_split_16 copy 2,P2_LOADED
WSU_P2_HIGH_LOADED_DOWN.wav_split_16 copy 3,P2_LOADED
WSU_P2_HIGH_LOADED_DOWN.wav_split_17,P2_LOADED
WSU_P2_HIGH_LOADED_DOWN.wav_split_17 copy,P2_LOADED
WSU_P2_HIGH_LOADED_DOWN.wav_split_17 copy 2,P2_LOADED
WSU_P2_HIGH_LOADED_DOWN.wav_split_17 copy 3,P2_LOADED
WSU_P2_HIGH_LOADED_DOWN.wav_split_18,P2_LOADED
WSU_P2_HIGH_LOADED_DOWN.wav_split_18 copy,P2_LOADED
WSU_P2_HIGH_LOADED_DOWN.wav_split_18 copy 2,P2_LOADED
WSU_P2_HIGH_LOADED_DOWN.wav_split_18 copy 3,P2_LOADED
WSU_P2_HIGH_LOADED_DOWN.wav_split_19,P2_LOADED
WSU_P2_HIGH_LOADED_DOWN.wav_split_19 copy,P2_LOADED
WSU_P2_HIGH_LOADED_DOWN.wav_split_19 copy 2,P2_LOADED
WSU_P2_HIGH_LOADED_DOWN.wav_split_19 copy 3,P2_LOADED
WSU_P2_HIGH_LOADED_DOWN.wav_split_20,P2_LOADED
WSU_P2_HIGH_LOADED_DOWN.wav_split_20 copy,P2_LOADED
WSU_P2_HIGH_LOADED_DOWN.wav_split_20 copy 2,P2_LOADED
WSU_P2_HIGH_LOADED_DOWN.wav_split_20 copy 3,P2_LOADED
WSU_P2_LOADED_BACK_AND_FORTH_2.wav_split_1,P2_LOADED
WSU_P2_LOADED_BACK_AND_FORTH_2.wav_split_1 copy,P2_LOADED
WSU_P2_LOADED_BACK_AND_FORTH_2.wav_split_1 copy 2,P2_LOADED
WSU_P2_LOADED_BACK_AND_FORTH_2.wav_split_1 copy 3,P2_LOADED
WSU_P2_LOADED_BACK_AND_FORTH_2.wav_split_2,P2_LOADED
WSU_P2_LOADED_BACK_AND_FORTH_2.wav_split_2 copy,P2_LOADED
WSU_P2_LOADED_BACK_AND_FORTH_2.wav_split_2 copy 2,P2_LOADED
WSU_P2_LOADED_BACK_AND_FORTH_2.wav_split_2 copy 3,P2_LOADED
WSU_P2_LOADED_BACK_AND_FORTH_2.wav_split_3,P2_LOADED
WSU_P2_LOADED_BACK_AND_FORTH_2.wav_split_3 copy,P2_LOADED
WSU_P2_LOADED_BACK_AND_FORTH_2.wav_split_3 copy 2,P2_LOADED
WSU_P2_LOADED_BACK_AND_FORTH_2.wav_split_3 copy 3,P2_LOADED
WSU_P2_LOADED_BACK_AND_FORTH_2.wav_split_4,P2_LOADED
WSU_P2_LOADED_BACK_AND_FORTH_2.wav_split_4 copy,P2_LOADED
WSU_P2_LOADED_BACK_AND_FORTH_2.wav_split_4 copy 2,P2_LOADED
WSU_P2_LOADED_BACK_AND_FORTH_2.wav_split_4 copy 3,P2_LOADED
WSU_P2_LOADED_BACK_AND_FORTH_2.wav_split_5,P2_LOADED
WSU_P2_LOADED_BACK_AND_FORTH_2.wav_split_5 copy,P2_LOADED
WSU_P2_LOADED_BACK_AND_FORTH_2.wav_split_5 copy 2,P2_LOADED
WSU_P2_LOADED_BACK_AND_FORTH_2.wav_split_5 copy 3,P2_LOADED
WSU_P2_LOADED_BACK_AND_FORTH_2.wav_split_6,P2_LOADED
WSU_P2_LOADED_BACK_AND_FORTH_2.wav_split_6 copy,P2_LOADED
WSU_P2_LOADED_BACK_AND_FORTH_2.wav_split_6 copy 2,P2_LOADED
WSU_P2_LOADED_BACK_AND_FORTH_2.wav_split_6 copy 3,P2_LOADED
WSU_P2_LOADED_BACK_AND_FORTH_2.wav_split_7,P2_LOADED
WSU_P2_LOADED_BACK_AND_FORTH_2.wav_split_7 copy,P2_LOADED
WSU_P2_LOADED_BACK_AND_FORTH_2.wav_split_7 copy 2,P2_LOADED
WSU_P2_LOADED_BACK_AND_FORTH_2.wav_split_7 copy 3,P2_LOADED
WSU_P2_LOADED_BACK_AND_FORTH_2.wav_split_8,P2_LOADED
WSU_P2_LOADED_BACK_AND_FORTH_2.wav_split_8 copy,P2_LOADED
WSU_P2_LOADED_BACK_AND_FORTH_2.wav_split_8 copy 2,P2_LOADED
WSU_P2_LOADED_BACK_AND_FORTH_2.wav_split_8 copy 3,P2_LOADED
WSU_P2_LOADED_BACK_AND_FORTH_2.wav_split_9,P2_LOADED
WSU_P2_LOADED_BACK_AND_FORTH_2.wav_split_9 copy,P2_LOADED
WSU_P2_LOADED_BACK_AND_FORTH_2.wav_split_9 copy 2,P2_LOADED
WSU_P2_LOADED_BACK_AND_FORTH_2.wav_split_9 copy 3,P2_LOADED
WSU_P2_LOADED_BACK_AND_FORTH_2.wav_split_10,P2_LOADED
WSU_P2_LOADED_BACK_AND_FORTH_2.wav_split_10 copy,P2_LOADED
WSU_P2_LOADED_BACK_AND_FORTH_2.wav_split_10 copy 2,P2_LOADED
WSU_P2_LOADED_BACK_AND_FORTH_2.wav_split_10 copy 3,P2_LOADED
WSU_P2_LOADED_BACK_AND_FORTH_2.wav_split_11,P2_LOADED
WSU_P2_LOADED_BACK_AND_FORTH_2.wav_split_11 copy,P2_LOADED
WSU_P2_LOADED_BACK_AND_FORTH_2.wav_split_11 copy 2,P2_LOADED
WSU_P2_LOADED_BACK_AND_FORTH_2.wav_split_11 copy 3,P2_LOADED
WSU_P2_LOADED_BACK_AND_FORTH_2.wav_split_12,P2_LOADED
WSU_P2_LOADED_BACK_AND_FORTH_2.wav_split_12 copy,P2_LOADED
WSU_P2_LOADED_BACK_AND_FORTH_2.wav_split_12 copy 2,P2_LOADED
WSU_P2_LOADED_BACK_AND_FORTH_2.wav_split_12 copy 3,P2_LOADED
WSU_P2_LOADED_BACK_AND_FORTH_2.wav_split_13,P2_LOADED
WSU_P2_LOADED_BACK_AND_FORTH_2.wav_split_13 copy,P2_LOADED
WSU_P2_LOADED_BACK_AND_FORTH_2.wav_split_13 copy 2,P2_LOADED
WSU_P2_LOADED_BACK_AND_FORTH_2.wav_split_13 copy 3,P2_LOADED
WSU_P2_LOADED_BACK_AND_FORTH_2.wav_split_14,P2_LOADED
WSU_P2_LOADED_BACK_AND_FORTH_2.wav_split_14 copy,P2_LOADED
WSU_P2_LOADED_BACK_AND_FORTH_2.wav_split_14 copy 2,P2_LOADED
WSU_P2_LOADED_BACK_AND_FORTH_2.wav_split_14 copy 3,P2_LOADED
WSU_P2_LOADED_BACK_AND_FORTH_2.wav_split_15,P2_LOADED
WSU_P2_LOADED_BACK_AND_FORTH_2.wav_split_15 copy,P2_LOADED
WSU_P2_LOADED_BACK_AND_FORTH_2.wav_split_15 copy 2,P2_LOADED
WSU_P2_LOADED_BACK_AND_FORTH_2.wav_split_15 copy 3,P2_LOADED
WSU_P2_LOADED_BACK_AND_FORTH_2.wav_split_16,P2_LOADED
WSU_P2_LOADED_BACK_AND_FORTH_2.wav_split_16 copy,P2_LOADED
WSU_P2_LOADED_BACK_AND_FORTH_2.wav_split_16 copy 2,P2_LOADED
WSU_P2_LOADED_BACK_AND_FORTH_2.wav_split_16 copy 3,P2_LOADED
WSU_P2_LOADED_BACK_AND_FORTH_2.wav_split_17,P2_LOADED
WSU_P2_LOADED_BACK_AND_FORTH_2.wav_split_17 copy,P2_LOADED
WSU_P2_LOADED_BACK_AND_FORTH_2.wav_split_17 copy 2,P2_LOADED
WSU_P2_LOADED_BACK_AND_FORTH_2.wav_split_17 copy 3,P2_LOADED
WSU_P2_LOADED_BACK_AND_FORTH_2.wav_split_18,P2_LOADED
WSU_P2_LOADED_BACK_AND_FORTH_2.wav_split_18 copy,P2_LOADED
WSU_P2_LOADED_BACK_AND_FORTH_2.wav_split_18 copy 2,P2_LOADED
WSU_P2_LOADED_BACK_AND_FORTH_2.wav_split_18 copy 3,P2_LOADED
WSU_P2_LOADED_BACK_AND_FORTH_2.wav_split_19,P2_LOADED
WSU_P2_LOADED_BACK_AND_FORTH_2.wav_split_19 copy,P2_LOADED
WSU_P2_LOADED_BACK_AND_FORTH_2.wav_split_19 copy 2,P2_LOADED
WSU_P2_LOADED_BACK_AND_FORTH_2.wav_split_19 copy 3,P2_LOADED
WSU_P2_LOADED_BACK_AND_FORTH_2.wav_split_20,P2_LOADED
WSU_P2_LOADED_BACK_AND_FORTH_2.wav_split_20 copy,P2_LOADED
WSU_P2_LOADED_BACK_AND_FORTH_2.wav_split_20 copy 2,P2_LOADED
WSU_P2_LOADED_BACK_AND_FORTH_2.wav_split_20 copy 3,P2_LOADED
WSU_P2_LOADED_BACK_AND_FORTH.wav_split_1,P2_LOADED
WSU_P2_LOADED_BACK_AND_FORTH.wav_split_1 copy,P2_LOADED
WSU_P2_LOADED_BACK_AND_FORTH.wav_split_1 copy 2,P2_LOADED
WSU_P2_LOADED_BACK_AND_FORTH.wav_split_1 copy 3,P2_LOADED
WSU_P2_LOADED_BACK_AND_FORTH.wav_split_2,P2_LOADED
WSU_P2_LOADED_BACK_AND_FORTH.wav_split_2 copy,P2_LOADED
WSU_P2_LOADED_BACK_AND_FORTH.wav_split_2 copy 2,P2_LOADED
WSU_P2_LOADED_BACK_AND_FORTH.wav_split_2 copy 3,P2_LOADED
WSU_P2_LOADED_BACK_AND_FORTH.wav_split_3,P2_LOADED
WSU_P2_LOADED_BACK_AND_FORTH.wav_split_3 copy,P2_LOADED
WSU_P2_LOADED_BACK_AND_FORTH.wav_split_3 copy 2,P2_LOADED
WSU_P2_LOADED_BACK_AND_FORTH.wav_split_3 copy 3,P2_LOADED
WSU_P2_LOADED_BACK_AND_FORTH.wav_split_4,P2_LOADED
WSU_P2_LOADED_BACK_AND_FORTH.wav_split_4 copy,P2_LOADED
WSU_P2_LOADED_BACK_AND_FORTH.wav_split_4 copy 2,P2_LOADED
WSU_P2_LOADED_BACK_AND_FORTH.wav_split_4 copy 3,P2_LOADED
WSU_P2_LOADED_BACK_AND_FORTH.wav_split_5,P2_LOADED
WSU_P2_LOADED_BACK_AND_FORTH.wav_split_5 copy,P2_LOADED
WSU_P2_LOADED_BACK_AND_FORTH.wav_split_5 copy 2,P2_LOADED
WSU_P2_LOADED_BACK_AND_FORTH.wav_split_5 copy 3,P2_LOADED
WSU_P2_LOADED_BACK_AND_FORTH.wav_split_6,P2_LOADED
WSU_P2_LOADED_BACK_AND_FORTH.wav_split_6 copy,P2_LOADED
WSU_P2_LOADED_BACK_AND_FORTH.wav_split_6 copy 2,P2_LOADED
WSU_P2_LOADED_BACK_AND_FORTH.wav_split_6 copy 3,P2_LOADED
WSU_P2_LOADED_BACK_AND_FORTH.wav_split_7,P2_LOADED
WSU_P2_LOADED_BACK_AND_FORTH.wav_split_7 copy,P2_LOADED
WSU_P2_LOADED_BACK_AND_FORTH.wav_split_7 copy 2,P2_LOADED
WSU_P2_LOADED_BACK_AND_FORTH.wav_split_7 copy 3,P2_LOADED
WSU_P2_LOADED_BACK_AND_FORTH.wav_split_8,P2_LOADED
WSU_P2_LOADED_BACK_AND_FORTH.wav_split_8 copy,P2_LOADED
WSU_P2_LOADED_BACK_AND_FORTH.wav_split_8 copy 2,P2_LOADED
WSU_P2_LOADED_BACK_AND_FORTH.wav_split_8 copy 3,P2_LOADED
WSU_P2_LOADED_BACK_AND_FORTH.wav_split_9,P2_LOADED
WSU_P2_LOADED_BACK_AND_FORTH.wav_split_9 copy,P2_LOADED
WSU_P2_LOADED_BACK_AND_FORTH.wav_split_9 copy 2,P2_LOADED
WSU_P2_LOADED_BACK_AND_FORTH.wav_split_9 copy 3,P2_LOADED
WSU_P2_LOADED_BACK_AND_FORTH.wav_split_10,P2_LOADED
WSU_P2_LOADED_BACK_AND_FORTH.wav_split_10 copy,P2_LOADED
WSU_P2_LOADED_BACK_AND_FORTH.wav_split_10 copy 2,P2_LOADED
WSU_P2_LOADED_BACK_AND_FORTH.wav_split_10 copy 3,P2_LOADED
WSU_P2_LOADED_BACK_AND_FORTH.wav_split_11,P2_LOADED
WSU_P2_LOADED_BACK_AND_FORTH.wav_split_11 copy,P2_LOADED
WSU_P2_LOADED_BACK_AND_FORTH.wav_split_11 copy 2,P2_LOADED
WSU_P2_LOADED_BACK_AND_FORTH.wav_split_11 copy 3,P2_LOADED
WSU_P2_LOADED_BACK_AND_FORTH.wav_split_12,P2_LOADED
WSU_P2_LOADED_BACK_AND_FORTH.wav_split_12 copy,P2_LOADED
WSU_P2_LOADED_BACK_AND_FORTH.wav_split_12 copy 2,P2_LOADED
WSU_P2_LOADED_BACK_AND_FORTH.wav_split_12 copy 3,P2_LOADED
WSU_P2_LOADED_BACK_AND_FORTH.wav_split_13,P2_LOADED
WSU_P2_LOADED_BACK_AND_FORTH.wav_split_13 copy,P2_LOADED
WSU_P2_LOADED_BACK_AND_FORTH.wav_split_13 copy 2,P2_LOADED
WSU_P2_LOADED_BACK_AND_FORTH.wav_split_13 copy 3,P2_LOADED
WSU_P2_LOADED_BACK_AND_FORTH.wav_split_14,P2_LOADED
WSU_P2_LOADED_BACK_AND_FORTH.wav_split_14 copy,P2_LOADED
WSU_P2_LOADED_BACK_AND_FORTH.wav_split_14 copy 2,P2_LOADED
WSU_P2_LOADED_BACK_AND_FORTH.wav_split_14 copy 3,P2_LOADED
WSU_P2_LOADED_BACK_AND_FORTH.wav_split_15,P2_LOADED
WSU_P2_LOADED_BACK_AND_FORTH.wav_split_15 copy,P2_LOADED
WSU_P2_LOADED_BACK_AND_FORTH.wav_split_15 copy 2,P2_LOADED
WSU_P2_LOADED_BACK_AND_FORTH.wav_split_15 copy 3,P2_LOADED
WSU_P2_LOADED_BACK_AND_FORTH.wav_split_16,P2_LOADED
WSU_P2_LOADED_BACK_AND_FORTH.wav_split_16 copy,P2_LOADED
WSU_P2_LOADED_BACK_AND_FORTH.wav_split_16 copy 2,P2_LOADED
WSU_P2_LOADED_BACK_AND_FORTH.wav_split_16 copy 3,P2_LOADED
WSU_P2_LOADED_BACK_AND_FORTH.wav_split_17,P2_LOADED
WSU_P2_LOADED_BACK_AND_FORTH.wav_split_17 copy,P2_LOADED
WSU_P2_LOADED_BACK_AND_FORTH.wav_split_17 copy 2,P2_LOADED
WSU_P2_LOADED_BACK_AND_FORTH.wav_split_17 copy 3,P2_LOADED
WSU_P2_LOADED_BACK_AND_FORTH.wav_split_18,P2_LOADED
WSU_P2_LOADED_BACK_AND_FORTH.wav_split_18 copy,P2_LOADED
WSU_P2_LOADED_BACK_AND_FORTH.wav_split_18 copy 2,P2_LOADED
WSU_P2_LOADED_BACK_AND_FORTH.wav_split_18 copy 3,P2_LOADED
WSU_P2_LOADED_BACK_AND_FORTH.wav_split_19,P2_LOADED
WSU_P2_LOADED_BACK_AND_FORTH.wav_split_19 copy,P2_LOADED
WSU_P2_LOADED_BACK_AND_FORTH.wav_split_19 copy 2,P2_LOADED
WSU_P2_LOADED_BACK_AND_FORTH.wav_split_19 copy 3,P2_LOADED
WSU_P2_LOADED_BACK_AND_FORTH.wav_split_20,P2_LOADED
WSU_P2_LOADED_BACK_AND_FORTH.wav_split_20 copy,P2_LOADED
WSU_P2_LOADED_BACK_AND_FORTH.wav_split_20 copy 2,P2_LOADED
WSU_P2_LOADED_BACK_AND_FORTH.wav_split_20 copy 3,P2_LOADED
WSU_P2_LOADED_up_and_down.wav_split_1,P2_LOADED
WSU_P2_LOADED_up_and_down.wav_split_1 copy,P2_LOADED
WSU_P2_LOADED_up_and_down.wav_split_1 copy 2,P2_LOADED
WSU_P2_LOADED_up_and_down.wav_split_1 copy 3,P2_LOADED
WSU_P2_LOADED_up_and_down.wav_split_2,P2_LOADED
WSU_P2_LOADED_up_and_down.wav_split_2 copy,P2_LOADED
WSU_P2_LOADED_up_and_down.wav_split_2 copy 2,P2_LOADED
WSU_P2_LOADED_up_and_down.wav_split_2 copy 3,P2_LOADED
WSU_P2_LOADED_up_and_down.wav_split_3,P2_LOADED
WSU_P2_LOADED_up_and_down.wav_split_3 copy,P2_LOADED
WSU_P2_LOADED_up_and_down.wav_split_3 copy 2,P2_LOADED
WSU_P2_LOADED_up_and_down.wav_split_3 copy 3,P2_LOADED
WSU_P2_LOADED_up_and_down.wav_split_4,P2_LOADED
WSU_P2_LOADED_up_and_down.wav_split_4 copy,P2_LOADED
WSU_P2_LOADED_up_and_down.wav_split_4 copy 2,P2_LOADED
WSU_P2_LOADED_up_and_down.wav_split_4 copy 3,P2_LOADED
WSU_P2_LOADED_up_and_down.wav_split_5,P2_LOADED
WSU_P2_LOADED_up_and_down.wav_split_5 copy,P2_LOADED
WSU_P2_LOADED_up_and_down.wav_split_5 copy 2,P2_LOADED
WSU_P2_LOADED_up_and_down.wav_split_5 copy 3,P2_LOADED
WSU_P2_LOADED_up_and_down.wav_split_6,P2_LOADED
WSU_P2_LOADED_up_and_down.wav_split_6 copy,P2_LOADED
WSU_P2_LOADED_up_and_down.wav_split_6 copy 2,P2_LOADED
WSU_P2_LOADED_up_and_down.wav_split_6 copy 3,P2_LOADED
WSU_P2_LOADED_up_and_down.wav_split_7,P2_LOADED
WSU_P2_LOADED_up_and_down.wav_split_7 copy,P2_LOADED
WSU_P2_LOADED_up_and_down.wav_split_7 copy 2,P2_LOADED
WSU_P2_LOADED_up_and_down.wav_split_7 copy 3,P2_LOADED
WSU_P2_LOADED_up_and_down.wav_split_8,P2_LOADED
WSU_P2_LOADED_up_and_down.wav_split_8 copy,P2_LOADED
WSU_P2_LOADED_up_and_down.wav_split_8 copy 2,P2_LOADED
WSU_P2_LOADED_up_and_down.wav_split_8 copy 3,P2_LOADED
WSU_P2_LOADED_up_and_down.wav_split_9,P2_LOADED
WSU_P2_LOADED_up_and_down.wav_split_9 copy,P2_LOADED
WSU_P2_LOADED_up_and_down.wav_split_9 copy 2,P2_LOADED
WSU_P2_LOADED_up_and_down.wav_split_9 copy 3,P2_LOADED
WSU_P2_LOADED_up_and_down.wav_split_10,P2_LOADED
WSU_P2_LOADED_up_and_down.wav_split_10 copy,P2_LOADED
WSU_P2_LOADED_up_and_down.wav_split_10 copy 2,P2_LOADED
WSU_P2_LOADED_up_and_down.wav_split_10 copy 3,P2_LOADED
WSU_P2_LOADED_up_and_down.wav_split_11,P2_LOADED
WSU_P2_LOADED_up_and_down.wav_split_11 copy,P2_LOADED
WSU_P2_LOADED_up_and_down.wav_split_11 copy 2,P2_LOADED
WSU_P2_LOADED_up_and_down.wav_split_11 copy 3,P2_LOADED
WSU_P2_LOADED_up_and_down.wav_split_12,P2_LOADED
WSU_P2_LOADED_up_and_down.wav_split_12 copy,P2_LOADED
WSU_P2_LOADED_up_and_down.wav_split_12 copy 2,P2_LOADED
WSU_P2_LOADED_up_and_down.wav_split_12 copy 3,P2_LOADED
WSU_P2_LOADED_up_and_down.wav_split_13,P2_LOADED
WSU_P2_LOADED_up_and_down.wav_split_13 copy,P2_LOADED
WSU_P2_LOADED_up_and_down.wav_split_13 copy 2,P2_LOADED
WSU_P2_LOADED_up_and_down.wav_split_13 copy 3,P2_LOADED
WSU_P2_LOADED_up_and_down.wav_split_14,P2_LOADED
WSU_P2_LOADED_up_and_down.wav_split_14 copy,P2_LOADED
WSU_P2_LOADED_up_and_down.wav_split_14 copy 2,P2_LOADED
WSU_P2_LOADED_up_and_down.wav_split_14 copy 3,P2_LOADED
WSU_P2_LOADED_up_and_down.wav_split_15,P2_LOADED
WSU_P2_LOADED_up_and_down.wav_split_15 copy,P2_LOADED
WSU_P2_LOADED_up_and_down.wav_split_15 copy 2,P2_LOADED
WSU_P2_LOADED_up_and_down.wav_split_15 copy 3,P2_LOADED
WSU_P2_LOADED_up_and_down.wav_split_16,P2_LOADED
WSU_P2_LOADED_up_and_down.wav_split_16 copy,P2_LOADED
WSU_P2_LOADED_up_and_down.wav_split_16 copy 2,P2_LOADED
WSU_P2_LOADED_up_and_down.wav_split_16 copy 3,P2_LOADED
WSU_P2_LOADED_up_and_down.wav_split_17,P2_LOADED
WSU_P2_LOADED_up_and_down.wav_split_17 copy,P2_LOADED
WSU_P2_LOADED_up_and_down.wav_split_17 copy 2,P2_LOADED
WSU_P2_LOADED_up_and_down.wav_split_17 copy 3,P2_LOADED
WSU_P2_LOADED_up_and_down.wav_split_18,P2_LOADED
WSU_P2_LOADED_up_and_down.wav_split_18 copy,P2_LOADED
WSU_P2_LOADED_up_and_down.wav_split_18 copy 2,P2_LOADED
WSU_P2_LOADED_up_and_down.wav_split_18 copy 3,P2_LOADED
WSU_P2_LOADED_up_and_down.wav_split_19,P2_LOADED
WSU_P2_LOADED_up_and_down.wav_split_19 copy,P2_LOADED
WSU_P2_LOADED_up_and_down.wav_split_19 copy 2,P2_LOADED
WSU_P2_LOADED_up_and_down.wav_split_19 copy 3,P2_LOADED
WSU_P2_LOADED_up_and_down.wav_split_20,P2_LOADED
WSU_P2_LOADED_up_and_down.wav_split_20 copy,P2_LOADED
WSU_P2_LOADED_up_and_down.wav_split_20 copy 2,P2_LOADED
WSU_P2_LOADED_up_and_down.wav_split_20 copy 3,P2_LOADED
WSU_P2_UNLOADED_BACK_AND_FORTH.wav_split_1,P2_UNLOADED
WSU_P2_UNLOADED_BACK_AND_FORTH.wav_split_1 copy,P2_UNLOADED
WSU_P2_UNLOADED_BACK_AND_FORTH.wav_split_1 copy 2,P2_UNLOADED
WSU_P2_UNLOADED_BACK_AND_FORTH.wav_split_1 copy 3,P2_UNLOADED
WSU_P2_UNLOADED_BACK_AND_FORTH.wav_split_2,P2_UNLOADED
WSU_P2_UNLOADED_BACK_AND_FORTH.wav_split_2 copy,P2_UNLOADED
WSU_P2_UNLOADED_BACK_AND_FORTH.wav_split_2 copy 2,P2_UNLOADED
WSU_P2_UNLOADED_BACK_AND_FORTH.wav_split_2 copy 3,P2_UNLOADED
WSU_P2_UNLOADED_BACK_AND_FORTH.wav_split_3,P2_UNLOADED
WSU_P2_UNLOADED_BACK_AND_FORTH.wav_split_3 copy,P2_UNLOADED
WSU_P2_UNLOADED_BACK_AND_FORTH.wav_split_3 copy 2,P2_UNLOADED
WSU_P2_UNLOADED_BACK_AND_FORTH.wav_split_3 copy 3,P2_UNLOADED
WSU_P2_UNLOADED_BACK_AND_FORTH.wav_split_4,P2_UNLOADED
WSU_P2_UNLOADED_BACK_AND_FORTH.wav_split_4 copy,P2_UNLOADED
WSU_P2_UNLOADED_BACK_AND_FORTH.wav_split_4 copy 2,P2_UNLOADED
WSU_P2_UNLOADED_BACK_AND_FORTH.wav_split_5,P2_UNLOADED
WSU_P2_UNLOADED_BACK_AND_FORTH.wav_split_5 copy,P2_UNLOADED
WSU_P2_UNLOADED_BACK_AND_FORTH.wav_split_5 copy 2,P2_UNLOADED
WSU_P2_UNLOADED_BACK_AND_FORTH.wav_split_6,P2_UNLOADED
WSU_P2_UNLOADED_BACK_AND_FORTH.wav_split_6 copy,P2_UNLOADED
WSU_P2_UNLOADED_BACK_AND_FORTH.wav_split_6 copy 2,P2_UNLOADED
WSU_P2_UNLOADED_BACK_AND_FORTH.wav_split_7,P2_UNLOADED
WSU_P2_UNLOADED_BACK_AND_FORTH.wav_split_7 copy,P2_UNLOADED
WSU_P2_UNLOADED_BACK_AND_FORTH.wav_split_7 copy 2,P2_UNLOADED
WSU_P2_UNLOADED_BACK_AND_FORTH.wav_split_8,P2_UNLOADED
WSU_P2_UNLOADED_BACK_AND_FORTH.wav_split_8 copy,P2_UNLOADED
WSU_P2_UNLOADED_BACK_AND_FORTH.wav_split_8 copy 2,P2_UNLOADED
WSU_P2_UNLOADED_BACK_AND_FORTH.wav_split_9,P2_UNLOADED
WSU_P2_UNLOADED_BACK_AND_FORTH.wav_split_9 copy,P2_UNLOADED
WSU_P2_UNLOADED_BACK_AND_FORTH.wav_split_9 copy 2,P2_UNLOADED
WSU_P2_UNLOADED_BACK_AND_FORTH.wav_split_10,P2_UNLOADED
WSU_P2_UNLOADED_BACK_AND_FORTH.wav_split_10 copy,P2_UNLOADED
WSU_P2_UNLOADED_BACK_AND_FORTH.wav_split_10 copy 2,P2_UNLOADED
WSU_P2_UNLOADED_BACK_AND_FORTH.wav_split_11,P2_UNLOADED
WSU_P2_UNLOADED_BACK_AND_FORTH.wav_split_11 copy,P2_UNLOADED
WSU_P2_UNLOADED_BACK_AND_FORTH.wav_split_11 copy 2,P2_UNLOADED
WSU_P2_UNLOADED_BACK_AND_FORTH.wav_split_12,P2_UNLOADED
WSU_P2_UNLOADED_BACK_AND_FORTH.wav_split_12 copy,P2_UNLOADED
WSU_P2_UNLOADED_BACK_AND_FORTH.wav_split_12 copy 2,P2_UNLOADED
WSU_P2_UNLOADED_BACK_AND_FORTH.wav_split_13,P2_UNLOADED
WSU_P2_UNLOADED_BACK_AND_FORTH.wav_split_13 copy,P2_UNLOADED
WSU_P2_UNLOADED_BACK_AND_FORTH.wav_split_13 copy 2,P2_UNLOADED
WSU_P2_UNLOADED_BACK_AND_FORTH.wav_split_14,P2_UNLOADED
WSU_P2_UNLOADED_BACK_AND_FORTH.wav_split_14 copy,P2_UNLOADED
WSU_P2_UNLOADED_BACK_AND_FORTH.wav_split_14 copy 2,P2_UNLOADED
WSU_P2_UNLOADED_BACK_AND_FORTH.wav_split_15,P2_UNLOADED
WSU_P2_UNLOADED_BACK_AND_FORTH.wav_split_15 copy,P2_UNLOADED
WSU_P2_UNLOADED_BACK_AND_FORTH.wav_split_15 copy 2,P2_UNLOADED
WSU_P2_UNLOADED_BACK_AND_FORTH.wav_split_16,P2_UNLOADED
WSU_P2_UNLOADED_BACK_AND_FORTH.wav_split_16 copy,P2_UNLOADED
WSU_P2_UNLOADED_BACK_AND_FORTH.wav_split_16 copy 2,P2_UNLOADED
WSU_P2_UNLOADED_BACK_AND_FORTH.wav_split_17,P2_UNLOADED
WSU_P2_UNLOADED_BACK_AND_FORTH.wav_split_17 copy,P2_UNLOADED
WSU_P2_UNLOADED_BACK_AND_FORTH.wav_split_17 copy 2,P2_UNLOADED
WSU_P2_UNLOADED_BACK_AND_FORTH.wav_split_18,P2_UNLOADED
WSU_P2_UNLOADED_BACK_AND_FORTH.wav_split_18 copy,P2_UNLOADED
WSU_P2_UNLOADED_BACK_AND_FORTH.wav_split_18 copy 2,P2_UNLOADED
WSU_P2_UNLOADED_BACK_AND_FORTH.wav_split_19,P2_UNLOADED
WSU_P2_UNLOADED_BACK_AND_FORTH.wav_split_19 copy,P2_UNLOADED
WSU_P2_UNLOADED_BACK_AND_FORTH.wav_split_19 copy 2,P2_UNLOADED
WSU_P2_UNLOADED_BACK_AND_FORTH.wav_split_20,P2_UNLOADED
WSU_P2_UNLOADED_BACK_AND_FORTH.wav_split_20 copy,P2_UNLOADED
WSU_P2_UNLOADED_BACK_AND_FORTH.wav_split_20 copy 2,P2_UNLOADED
WSU_P2_UNLOADED_UP_AND_DOWN.wav_split_1,P2_UNLOADED
WSU_P2_UNLOADED_UP_AND_DOWN.wav_split_1 copy,P2_UNLOADED
WSU_P2_UNLOADED_UP_AND_DOWN.wav_split_1 copy 2,P2_UNLOADED
WSU_P2_UNLOADED_UP_AND_DOWN.wav_split_2,P2_UNLOADED
WSU_P2_UNLOADED_UP_AND_DOWN.wav_split_2 copy,P2_UNLOADED
WSU_P2_UNLOADED_UP_AND_DOWN.wav_split_2 copy 2,P2_UNLOADED
WSU_P2_UNLOADED_UP_AND_DOWN.wav_split_3,P2_UNLOADED
WSU_P2_UNLOADED_UP_AND_DOWN.wav_split_3 copy,P2_UNLOADED
WSU_P2_UNLOADED_UP_AND_DOWN.wav_split_3 copy 2,P2_UNLOADED
WSU_P2_UNLOADED_UP_AND_DOWN.wav_split_4,P2_UNLOADED
WSU_P2_UNLOADED_UP_AND_DOWN.wav_split_4 copy,P2_UNLOADED
WSU_P2_UNLOADED_UP_AND_DOWN.wav_split_4 copy 2,P2_UNLOADED
WSU_P2_UNLOADED_UP_AND_DOWN.wav_split_5,P2_UNLOADED
WSU_P2_UNLOADED_UP_AND_DOWN.wav_split_5 copy,P2_UNLOADED
WSU_P2_UNLOADED_UP_AND_DOWN.wav_split_5 copy 2,P2_UNLOADED
WSU_P2_UNLOADED_UP_AND_DOWN.wav_split_6,P2_UNLOADED
WSU_P2_UNLOADED_UP_AND_DOWN.wav_split_6 copy,P2_UNLOADED
WSU_P2_UNLOADED_UP_AND_DOWN.wav_split_6 copy 2,P2_UNLOADED
WSU_P2_UNLOADED_UP_AND_DOWN.wav_split_7,P2_UNLOADED
WSU_P2_UNLOADED_UP_AND_DOWN.wav_split_7 copy,P2_UNLOADED
WSU_P2_UNLOADED_UP_AND_DOWN.wav_split_7 copy 2,P2_UNLOADED
WSU_P2_UNLOADED_UP_AND_DOWN.wav_split_8,P2_UNLOADED
WSU_P2_UNLOADED_UP_AND_DOWN.wav_split_8 copy,P2_UNLOADED
WSU_P2_UNLOADED_UP_AND_DOWN.wav_split_8 copy 2,P2_UNLOADED
WSU_P2_UNLOADED_UP_AND_DOWN.wav_split_9,P2_UNLOADED
WSU_P2_UNLOADED_UP_AND_DOWN.wav_split_9 copy,P2_UNLOADED
WSU_P2_UNLOADED_UP_AND_DOWN.wav_split_9 copy 2,P2_UNLOADED
WSU_P2_UNLOADED_UP_AND_DOWN.wav_split_10,P2_UNLOADED
WSU_P2_UNLOADED_UP_AND_DOWN.wav_split_10 copy,P2_UNLOADED
WSU_P2_UNLOADED_UP_AND_DOWN.wav_split_10 copy 2,P2_UNLOADED
WSU_P2_UNLOADED_UP_AND_DOWN.wav_split_11,P2_UNLOADED
WSU_P2_UNLOADED_UP_AND_DOWN.wav_split_11 copy,P2_UNLOADED
WSU_P2_UNLOADED_UP_AND_DOWN.wav_split_11 copy 2,P2_UNLOADED
WSU_P2_UNLOADED_UP_AND_DOWN.wav_split_12,P2_UNLOADED
WSU_P2_UNLOADED_UP_AND_DOWN.wav_split_12 copy,P2_UNLOADED
WSU_P2_UNLOADED_UP_AND_DOWN.wav_split_12 copy 2,P2_UNLOADED
WSU_P2_UNLOADED_UP_AND_DOWN.wav_split_13,P2_UNLOADED
WSU_P2_UNLOADED_UP_AND_DOWN.wav_split_13 copy,P2_UNLOADED
WSU_P2_UNLOADED_UP_AND_DOWN.wav_split_13 copy 2,P2_UNLOADED
WSU_P2_UNLOADED_UP_AND_DOWN.wav_split_14,P2_UNLOADED
WSU_P2_UNLOADED_UP_AND_DOWN.wav_split_14 copy,P2_UNLOADED
WSU_P2_UNLOADED_UP_AND_DOWN.wav_split_14 copy 2,P2_UNLOADED
WSU_P2_UNLOADED_UP_AND_DOWN.wav_split_15,P2_UNLOADED
WSU_P2_UNLOADED_UP_AND_DOWN.wav_split_15 copy,P2_UNLOADED
WSU_P2_UNLOADED_UP_AND_DOWN.wav_split_15 copy 2,P2_UNLOADED
WSU_P2_UNLOADED_UP_AND_DOWN.wav_split_16,P2_UNLOADED
WSU_P2_UNLOADED_UP_AND_DOWN.wav_split_16 copy,P2_UNLOADED
WSU_P2_UNLOADED_UP_AND_DOWN.wav_split_16 copy 2,P2_UNLOADED
WSU_P2_UNLOADED_UP_AND_DOWN.wav_split_17,P2_UNLOADED
WSU_P2_UNLOADED_UP_AND_DOWN.wav_split_17 copy,P2_UNLOADED
WSU_P2_UNLOADED_UP_AND_DOWN.wav_split_17 copy 2,P2_UNLOADED
WSU_P2_UNLOADED_UP_AND_DOWN.wav_split_18,P2_UNLOADED
WSU_P2_UNLOADED_UP_AND_DOWN.wav_split_18 copy,P2_UNLOADED
WSU_P2_UNLOADED_UP_AND_DOWN.wav_split_18 copy 2,P2_UNLOADED
WSU_P2_UNLOADED_UP_AND_DOWN.wav_split_19,P2_UNLOADED
WSU_P2_UNLOADED_UP_AND_DOWN.wav_split_19 copy,P2_UNLOADED
WSU_P2_UNLOADED_UP_AND_DOWN.wav_split_19 copy 2,P2_UNLOADED
WSU_P2_UNLOADED_UP_AND_DOWN.wav_split_20,P2_UNLOADED
WSU_P2_UNLOADED_UP_AND_DOWN.wav_split_20 copy,P2_UNLOADED
WSU_P2_UNLOADED_UP_AND_DOWN.wav_split_20 copy 2,P2_UNLOADED